id,trials,optimal_path,highest_reward_path,number_max_rewards,in_optimal_path
1,0,4,[4],1,True
1,1,6,"[2, 3, 6]",2,True
1,2,5,"[0, 1, 2, 3, 4, 5, 6, 7]",2,True
1,3,5,"[0, 1, 2, 3, 4, 5]",3,True
1,4,4,"[4, 5]",1,True
1,5,2,"[2, 3, 5]",2,True
1,6,5,"[4, 5]",2,True
1,7,5,"[4, 5]",1,True
1,8,4,"[4, 5, 6, 7]",1,True
1,9,5,"[4, 5]",1,True
1,10,7,"[2, 3, 4, 5, 6, 7]",1,True
1,11,2,"[2, 3]",1,True
1,12,5,[5],1,True
1,13,5,"[4, 5]",1,True
1,14,5,[5],1,True
1,15,7,"[4, 5, 6, 7]",1,True
1,16,5,"[4, 5, 6, 7]",1,True
1,17,1,"[0, 1]",2,True
1,18,5,"[4, 5]",2,True
1,19,7,"[2, 4, 5, 6, 7]",3,True
1,20,5,[5],1,True
1,21,6,"[0, 1, 4, 5, 6, 7]",2,True
1,22,5,"[3, 4, 5]",2,True
1,23,5,"[4, 5, 6, 7]",2,True
1,24,1,"[0, 1, 3]",3,True
1,25,7,"[4, 5, 6, 7]",1,True
1,26,5,"[4, 5]",1,True
1,27,1,"[1, 2]",2,True
1,28,5,[5],1,True
1,29,5,[5],1,True
1,30,5,[5],1,True
1,31,4,"[4, 5]",1,True
1,32,4,[2],1,False
1,33,1,"[0, 1, 2, 3, 4, 5, 6, 7]",2,True
1,34,5,"[3, 5, 6]",3,True
1,35,4,"[0, 1, 4, 5]",2,True
1,36,7,"[5, 6, 7]",3,True
1,37,5,"[4, 5, 6, 7]",2,True
1,38,4,"[2, 3, 4, 5, 6, 7]",1,True
1,39,5,"[3, 4, 5]",2,True
1,40,6,[6],1,True
1,41,4,"[4, 5, 6, 7]",1,True
1,42,6,[6],1,True
1,43,5,"[4, 5, 6, 7]",1,True
1,44,5,"[5, 7]",2,True
1,45,5,"[4, 5, 6, 7]",1,True
1,46,3,[3],1,True
1,47,6,[6],1,True
1,48,5,"[4, 5, 6, 7]",2,True
1,49,2,"[0, 1, 2, 3, 4, 5]",4,True
1,50,2,[2],1,True
1,51,5,[5],1,True
1,52,4,[4],1,True
1,53,6,[6],1,True
1,54,6,"[0, 1]",2,False
1,55,4,[4],1,True
1,56,3,"[0, 1, 2, 3]",3,True
1,57,2,"[2, 6, 7]",3,True
1,58,5,[5],1,True
1,59,5,"[4, 5]",1,True
1,60,5,"[2, 5]",2,True
1,61,5,"[2, 3, 4, 5, 6, 7]",1,True
1,62,5,"[0, 1, 3, 4, 5, 6, 7]",4,True
1,63,5,"[1, 5]",2,True
1,64,5,"[4, 5, 6, 7]",1,True
1,65,4,[4],1,True
1,66,5,"[2, 6, 7]",2,False
1,67,6,[6],1,True
1,68,5,"[0, 1]",1,False
1,69,6,[6],1,True
1,70,2,[2],1,True
1,71,5,[1],1,False
1,72,3,[3],1,True
1,73,5,"[3, 4, 5, 6, 7]",2,True
1,74,2,[2],1,True
1,75,4,[4],1,True
1,76,6,"[6, 7]",1,True
1,77,2,"[4, 5]",2,False
1,78,5,"[4, 5]",1,True
1,79,5,"[4, 5]",2,True
1,80,3,"[0, 1, 3]",3,True
1,81,5,"[0, 1, 2, 3, 4, 5]",2,True
1,82,5,"[2, 5]",2,True
1,83,5,"[4, 5]",1,True
1,84,5,[5],1,True
1,85,5,[5],1,True
1,86,4,[4],1,True
1,87,4,[4],1,True
1,88,4,[4],1,True
1,89,5,"[2, 3, 5]",2,True
1,90,5,[5],1,True
1,91,5,"[0, 1]",1,False
1,92,5,"[4, 5, 6, 7]",1,True
1,93,5,"[4, 5]",1,True
1,94,4,[4],1,True
1,95,6,[6],1,True
1,96,4,[4],1,True
1,97,5,[5],1,True
1,98,5,[5],1,True
1,99,6,"[2, 3, 6]",3,True
10,0,4,"[3, 4]",2,True
10,1,4,"[3, 4, 5]",3,True
10,2,5,"[4, 5]",1,True
10,3,7,"[0, 1]",1,False
10,4,2,"[2, 3, 6]",3,True
10,5,5,"[4, 5]",2,True
10,6,4,"[4, 5]",1,True
10,7,4,"[0, 1, 4, 5, 6, 7]",3,True
10,8,4,"[4, 5]",2,True
10,9,5,"[4, 5]",1,True
10,10,3,"[0, 1, 2, 3]",1,True
10,11,4,"[4, 5, 6, 7]",2,True
10,12,4,"[4, 5]",1,True
10,13,4,[4],1,True
10,14,5,"[3, 5]",2,True
10,15,5,"[3, 5, 6, 7]",3,True
10,16,3,"[4, 5]",1,False
10,17,5,"[1, 4, 5, 6, 7]",2,True
10,18,4,"[3, 4, 5, 6, 7]",3,True
10,19,7,"[4, 5, 6, 7]",1,True
10,20,4,[4],1,True
10,21,4,"[4, 5]",2,True
10,22,1,"[0, 1]",2,True
10,23,4,"[4, 5, 6, 7]",2,True
10,24,5,"[0, 1, 2, 3, 4, 5, 6, 7]",3,True
10,25,7,"[1, 4, 5, 6, 7]",3,True
10,26,4,"[4, 5, 6, 7]",1,True
10,27,4,[4],1,True
10,28,4,"[4, 5]",1,True
10,29,6,"[0, 1, 2, 3, 4, 5, 6, 7]",4,True
10,30,4,"[4, 5, 6, 7]",1,True
10,31,4,"[4, 5, 6, 7]",1,True
10,32,4,"[0, 1, 2, 3, 4, 5]",2,True
10,33,6,"[1, 2, 3, 4, 5, 6, 7]",5,True
10,34,4,"[4, 5, 6, 7]",2,True
10,35,5,"[4, 5, 6, 7]",1,True
10,36,4,[3],1,False
10,37,7,[7],1,True
10,38,6,"[0, 6]",2,True
10,39,1,"[0, 1, 3, 4]",4,True
10,40,3,[3],1,True
10,41,2,[2],1,True
10,42,1,[1],1,True
10,43,1,[1],1,True
10,44,4,"[4, 5]",1,True
10,45,2,[2],1,True
10,46,6,[6],1,True
10,47,4,[4],1,True
10,48,2,[2],1,True
10,49,4,"[2, 4, 7]",3,True
10,50,5,[5],1,True
10,51,4,"[1, 4, 5]",2,True
10,52,6,"[2, 3, 6]",3,True
10,53,4,[4],1,True
10,54,4,[4],1,True
10,55,5,[5],1,True
10,56,6,[6],1,True
10,57,4,"[4, 5, 6, 7]",1,True
10,58,3,[3],1,True
10,59,5,"[4, 5]",1,True
10,60,4,[4],1,True
10,61,4,"[4, 5]",2,True
10,62,4,"[2, 4, 5]",3,True
10,63,6,"[2, 3, 6]",3,True
10,64,5,"[0, 1, 2, 3, 4, 5, 6, 7]",5,True
10,65,4,"[3, 4, 5]",3,True
10,66,6,"[2, 3, 6, 7]",3,True
10,67,4,[4],1,True
10,68,4,"[0, 1, 4, 5, 6, 7]",2,True
10,69,4,"[0, 2, 4, 5, 6]",5,True
10,70,6,"[4, 5, 6, 7]",1,True
10,71,4,[4],1,True
10,72,3,[3],1,True
10,73,6,[6],1,True
10,74,4,[4],1,True
10,75,4,"[4, 5, 6, 7]",2,True
10,76,4,[4],1,True
10,77,6,[6],1,True
10,78,1,"[0, 1, 2, 3]",1,True
10,79,6,[6],1,True
10,80,4,[4],1,True
10,81,5,"[4, 5, 6, 7]",2,True
10,82,4,"[0, 1, 2, 3, 4, 5, 6, 7]",2,True
10,83,4,[0],1,False
10,84,4,"[4, 5, 6, 7]",1,True
10,85,4,"[4, 5]",1,True
10,86,4,[4],1,True
10,87,6,"[6, 7]",2,True
10,88,5,[5],1,True
10,89,5,[5],1,True
10,90,2,[2],1,True
10,91,4,"[2, 3, 4, 5]",2,True
10,92,4,"[0, 1, 2, 3, 4, 5, 6, 7]",4,True
10,93,5,[5],1,True
10,94,5,"[4, 5, 6, 7]",1,True
10,95,4,"[2, 3, 4, 5, 6, 7]",3,True
10,96,4,[4],1,True
10,97,4,[4],1,True
10,98,5,[5],1,True
10,99,4,[4],1,True
11,0,1,"[0, 1, 2, 3, 4, 5]",2,True
11,1,3,"[0, 1, 2, 3]",2,True
11,2,0,"[0, 1, 2, 3, 4]",3,True
11,3,2,[2],1,True
11,4,1,[7],1,False
11,5,2,"[1, 2]",2,True
11,6,2,"[0, 2, 3, 4, 5, 6]",5,True
11,7,2,"[2, 4, 5, 6, 7]",2,True
11,8,2,"[5, 6]",2,False
11,9,3,"[0, 1, 2, 3]",1,True
11,10,6,"[6, 7]",1,True
11,11,3,"[2, 3]",1,True
11,12,7,[2],1,False
11,13,7,"[6, 7]",1,True
11,14,2,"[0, 1, 2, 3]",2,True
11,15,2,"[0, 1, 2, 3, 6, 7]",3,True
11,16,0,[0],1,True
11,17,2,[2],1,True
11,18,3,"[0, 1, 2, 3]",2,True
11,19,2,[2],1,True
11,20,3,"[2, 3]",1,True
11,21,3,"[2, 3, 4, 6]",4,True
11,22,2,"[2, 3]",1,True
11,23,1,"[0, 1, 2, 3, 4, 6, 7]",3,True
11,24,4,"[0, 1, 4, 5]",1,True
11,25,2,"[0, 1, 2, 3, 6, 7]",5,True
11,26,0,[0],1,True
11,27,2,[2],1,True
11,28,2,"[2, 3]",1,True
11,29,2,[2],1,True
11,30,2,"[2, 3]",2,True
11,31,5,"[0, 5]",2,True
11,32,1,[5],1,False
11,33,4,"[4, 6]",2,True
11,34,2,[2],1,True
11,35,2,[2],1,True
11,36,2,"[2, 3, 4, 5, 6, 7]",3,True
11,37,5,"[4, 5, 6, 7]",2,True
11,38,2,"[0, 1, 2, 3, 4, 5, 6, 7]",6,True
11,39,2,"[0, 1, 2, 3]",1,True
11,40,1,[1],1,True
11,41,2,[2],1,True
11,42,2,"[0, 1, 2, 3]",1,True
11,43,2,[2],1,True
11,44,2,"[0, 1, 2, 3]",1,True
11,45,2,"[0, 1, 2, 3, 5, 7]",4,True
11,46,6,[6],1,True
11,47,4,[4],1,True
11,48,2,"[2, 3, 6]",3,True
11,49,3,[3],1,True
11,50,1,[1],1,True
11,51,2,"[2, 3]",1,True
11,52,6,[6],1,True
11,53,2,[2],1,True
11,54,3,[3],1,True
11,55,3,"[2, 3]",2,True
11,56,2,"[0, 1, 2, 3, 4, 5, 6, 7]",2,True
11,57,6,"[2, 3, 4, 5, 6]",5,True
11,58,4,[4],1,True
11,59,5,[5],1,True
11,60,2,[2],1,True
11,61,2,"[2, 3]",2,True
11,62,4,"[2, 3]",2,False
11,63,3,"[3, 4, 5]",3,True
11,64,2,"[0, 1, 2, 3]",1,True
11,65,2,"[0, 1, 2, 3]",2,True
11,66,3,"[6, 7]",2,False
11,67,2,"[0, 1, 2, 3]",2,True
11,68,2,"[0, 2, 6, 7]",3,True
11,69,3,"[0, 1, 2, 3]",4,True
11,70,2,"[2, 3]",1,True
11,71,1,"[2, 3]",2,False
11,72,1,[1],1,True
11,73,2,"[2, 3, 5, 6]",4,True
11,74,2,"[2, 3]",1,True
11,75,6,[6],1,True
11,76,1,"[0, 1, 2, 3]",2,True
11,77,3,"[3, 4, 5]",3,True
11,78,4,"[4, 6, 7]",3,True
11,79,2,[2],1,True
11,80,2,"[0, 2]",2,True
11,81,2,"[0, 1, 2, 3]",1,True
11,82,1,[1],1,True
11,83,1,"[0, 1, 2, 3, 6, 7]",4,True
11,84,2,"[2, 3]",1,True
11,85,2,[2],1,True
11,86,3,"[0, 1, 2, 3, 6, 7]",3,True
11,87,4,[4],1,True
11,88,2,[2],1,True
11,89,1,[1],1,True
11,90,2,"[0, 1, 2, 3]",1,True
11,91,1,[1],1,True
11,92,2,[2],1,True
11,93,2,"[2, 3]",2,True
11,94,3,[3],1,True
11,95,2,"[0, 1, 2, 3, 4]",3,True
11,96,3,[3],1,True
11,97,2,"[0, 1, 2, 3]",2,True
11,98,1,"[0, 1, 2, 3]",2,True
11,99,2,"[0, 1, 2, 3]",2,True
12,0,4,"[4, 5, 6, 7]",1,True
12,1,4,"[4, 5]",1,True
12,2,5,"[4, 5, 6, 7]",2,True
12,3,5,[5],1,True
12,4,7,"[4, 5, 6, 7]",1,True
12,5,0,[0],1,True
12,6,5,"[0, 1, 4, 5]",1,True
12,7,5,"[5, 6]",2,True
12,8,7,[7],1,True
12,9,7,"[4, 5, 6, 7]",1,True
12,10,5,"[4, 5]",1,True
12,11,5,[5],1,True
12,12,6,"[0, 1, 2, 3, 6, 7]",3,True
12,13,5,"[0, 1, 2, 3, 4, 5, 6, 7]",5,True
12,14,0,"[0, 1, 5, 6, 7]",3,True
12,15,5,[5],1,True
12,16,5,"[4, 5]",1,True
12,17,5,"[4, 5, 6, 7]",2,True
12,18,5,"[4, 5]",1,True
12,19,5,"[4, 5, 6, 7]",1,True
12,20,1,"[0, 1, 5]",2,True
12,21,5,"[4, 5]",1,True
12,22,5,"[4, 5]",2,True
12,23,5,"[4, 5, 6, 7]",1,True
12,24,6,"[0, 4, 5, 6, 7]",3,True
12,25,5,"[4, 5]",1,True
12,26,7,"[4, 5, 6, 7]",1,True
12,27,5,"[0, 1, 2, 3, 4, 5, 6, 7]",1,True
12,28,5,[5],1,True
12,29,7,"[4, 5, 7]",3,True
12,30,6,"[0, 1, 2, 3, 4, 5, 6, 7]",4,True
12,31,7,"[6, 7]",2,True
12,32,5,"[4, 5, 6, 7]",1,True
12,33,4,"[3, 4, 5, 6, 7]",2,True
12,34,4,"[4, 5, 6, 7]",3,True
12,35,0,[0],1,True
12,36,4,"[0, 1, 4, 5]",4,True
12,37,4,"[1, 4, 5]",2,True
12,38,5,"[2, 4, 5, 6, 7]",3,True
12,39,4,"[4, 5]",2,True
12,40,6,[6],1,True
12,41,5,[5],1,True
12,42,3,"[0, 1, 3]",3,True
12,43,5,"[0, 3, 4, 5, 6, 7]",4,True
12,44,5,[5],1,True
12,45,6,[6],1,True
12,46,4,[4],1,True
12,47,5,"[4, 5]",1,True
12,48,5,"[0, 2, 4, 5, 6, 7]",4,True
12,49,5,"[4, 5, 6, 7]",1,True
12,50,5,[5],1,True
12,51,5,"[4, 5, 6, 7]",1,True
12,52,4,"[4, 5, 6, 7]",2,True
12,53,6,[6],1,True
12,54,5,"[3, 4, 5, 6, 7]",5,True
12,55,5,[5],1,True
12,56,5,"[4, 5]",1,True
12,57,6,[6],1,True
12,58,5,"[2, 4, 5, 6, 7]",3,True
12,59,4,"[2, 3]",2,False
12,60,5,"[1, 4, 5, 6, 7]",2,True
12,61,4,[4],1,True
12,62,5,[5],1,True
12,63,5,"[2, 4, 5, 6, 7]",3,True
12,64,5,"[4, 5]",2,True
12,65,6,[6],1,True
12,66,5,"[4, 5, 6, 7]",2,True
12,67,5,"[0, 1, 2, 4, 5]",4,True
12,68,6,[6],1,True
12,69,4,[4],1,True
12,70,3,"[0, 1, 2, 3, 6, 7]",3,True
12,71,3,"[2, 3]",2,True
12,72,2,[2],1,True
12,73,1,[1],1,True
12,74,6,"[0, 1, 2, 3, 6]",5,True
12,75,5,"[4, 5]",1,True
12,76,3,[3],1,True
12,77,5,"[0, 1, 2, 4, 5, 6, 7]",4,True
12,78,2,"[0, 1, 2, 3, 4, 5, 6, 7]",5,True
12,79,5,[5],1,True
12,80,6,[6],1,True
12,81,5,[6],1,False
12,82,4,[4],1,True
12,83,6,[6],1,True
12,84,5,[1],1,False
12,85,2,[2],1,True
12,86,4,[4],1,True
12,87,5,"[4, 5]",1,True
12,88,5,[5],1,True
12,89,4,[4],1,True
12,90,5,"[4, 5, 6, 7]",1,True
12,91,4,[4],1,True
12,92,4,[4],1,True
12,93,2,[2],1,True
12,94,2,[2],1,True
12,95,5,[5],1,True
12,96,5,"[4, 5, 6, 7]",2,True
12,97,5,"[2, 3, 5]",2,True
12,98,5,"[5, 7]",2,True
12,99,6,"[2, 3]",2,False
13,0,0,"[0, 1, 2, 3, 4, 5, 6, 7]",2,True
13,1,3,"[0, 1, 2, 3]",2,True
13,2,3,"[0, 1, 2, 3, 4, 5, 6]",2,True
13,3,3,"[3, 6, 7]",2,True
13,4,2,"[0, 1, 2, 3]",1,True
13,5,3,"[2, 3]",1,True
13,6,3,"[2, 3, 6, 7]",2,True
13,7,4,"[4, 5]",1,True
13,8,3,"[2, 3, 4, 5]",1,True
13,9,2,"[2, 3]",1,True
13,10,3,"[0, 1, 2, 3]",2,True
13,11,1,"[1, 5, 7]",3,True
13,12,0,"[0, 1, 4, 5]",2,True
13,13,3,[3],1,True
13,14,2,"[0, 2, 3, 5]",4,True
13,15,0,"[0, 1, 2, 3, 7]",3,True
13,16,3,"[2, 3, 6, 7]",2,True
13,17,0,"[0, 1, 2, 3]",2,True
13,18,4,"[4, 6]",2,True
13,19,7,"[6, 7]",1,True
13,20,5,"[4, 5]",2,True
13,21,5,"[4, 5]",2,True
13,22,3,[3],1,True
13,23,3,"[2, 3]",2,True
13,24,3,"[3, 4]",2,True
13,25,3,"[0, 1, 2, 3, 4]",3,True
13,26,4,[4],1,True
13,27,3,[3],1,True
13,28,3,"[2, 3, 6, 7]",1,True
13,29,1,"[0, 1]",1,True
13,30,3,"[1, 3]",2,True
13,31,2,"[0, 1, 2, 3]",1,True
13,32,3,"[6, 7]",1,False
13,33,3,"[2, 3]",2,True
13,34,1,"[0, 1]",1,True
13,35,3,"[0, 1, 2, 3]",2,True
13,36,7,"[0, 1, 2, 3, 4, 5, 6, 7]",6,True
13,37,1,"[0, 1, 4]",2,True
13,38,2,"[0, 1, 2, 3]",1,True
13,39,3,[3],1,True
13,40,2,[2],1,True
13,41,6,[6],1,True
13,42,3,[3],1,True
13,43,2,"[0, 1, 2, 3]",4,True
13,44,3,"[3, 5]",2,True
13,45,3,"[2, 3]",1,True
13,46,2,"[0, 1, 2, 3]",4,True
13,47,2,"[2, 4, 5]",3,True
13,48,4,[4],1,True
13,49,3,"[0, 1, 2, 3]",1,True
13,50,5,"[0, 1]",2,False
13,51,3,"[3, 7]",2,True
13,52,3,"[0, 1, 2, 3]",1,True
13,53,3,"[2, 3]",1,True
13,54,1,"[4, 5, 6, 7]",4,False
13,55,1,[1],1,True
13,56,2,[2],1,True
13,57,3,[3],1,True
13,58,3,"[2, 3]",1,True
13,59,3,"[2, 3, 4, 5, 6, 7]",1,True
13,60,2,"[2, 4, 5]",3,True
13,61,1,[1],1,True
13,62,4,[4],1,True
13,63,3,"[1, 2, 3, 4, 5]",3,True
13,64,6,"[4, 5, 6]",3,True
13,65,2,[2],1,True
13,66,3,"[2, 3]",1,True
13,67,5,[5],1,True
13,68,3,"[0, 1, 2, 3]",2,True
13,69,3,"[2, 3]",1,True
13,70,1,"[6, 7]",2,False
13,71,6,"[6, 7]",1,True
13,72,1,"[4, 5, 6, 7]",4,False
13,73,3,"[0, 1, 2, 3, 4, 5, 6, 7]",2,True
13,74,1,"[0, 1]",1,True
13,75,6,[6],1,True
13,76,3,"[2, 3]",1,True
13,77,3,"[0, 1, 2, 3, 4, 5, 7]",5,True
13,78,3,"[0, 1, 2, 3]",1,True
13,79,2,"[6, 7]",2,False
13,80,1,[1],1,True
13,81,1,[1],1,True
13,82,3,"[2, 3]",1,True
13,83,3,"[2, 3]",2,True
13,84,3,[3],1,True
13,85,1,[1],1,True
13,86,3,"[0, 1, 3]",3,True
13,87,3,"[0, 1, 2, 3]",2,True
13,88,3,"[0, 1, 2, 3, 7]",3,True
13,89,3,[3],1,True
13,90,6,[6],1,True
13,91,2,[2],1,True
13,92,3,"[0, 1, 2, 3, 4]",3,True
13,93,3,"[0, 1, 2, 3]",1,True
13,94,3,[3],1,True
13,95,3,[3],1,True
13,96,1,[1],1,True
13,97,3,"[0, 2, 3, 5]",4,True
13,98,6,[6],1,True
13,99,2,"[0, 1, 2, 3, 4, 5]",3,True
14,0,5,"[4, 5, 6, 7]",2,True
14,1,5,"[4, 5, 6, 7]",1,True
14,2,5,"[4, 5, 6, 7]",3,True
14,3,7,"[4, 5, 6, 7]",2,True
14,4,5,[5],1,True
14,5,5,[5],1,True
14,6,5,"[4, 5]",1,True
14,7,0,"[0, 1, 4, 5]",2,True
14,8,0,[0],1,True
14,9,7,"[0, 7]",2,True
14,10,6,"[0, 1, 2, 3, 5, 6, 7]",2,True
14,11,4,"[4, 5, 6, 7]",1,True
14,12,0,"[0, 1, 2, 3, 4, 5, 6, 7]",1,True
14,13,7,"[4, 5, 6, 7]",2,True
14,14,4,"[4, 5, 6, 7]",1,True
14,15,7,"[0, 1, 6, 7]",2,True
14,16,6,"[4, 5, 6, 7]",1,True
14,17,5,"[2, 4, 5]",3,True
14,18,2,[2],1,True
14,19,5,"[4, 5, 6, 7]",2,True
14,20,5,[5],1,True
14,21,0,[0],1,True
14,22,5,"[4, 5, 6, 7]",1,True
14,23,5,"[4, 5, 6, 7]",3,True
14,24,5,"[4, 5, 6, 7]",3,True
14,25,7,[7],1,True
14,26,6,"[1, 4, 5, 6, 7]",4,True
14,27,5,"[4, 5, 6, 7]",1,True
14,28,5,[5],1,True
14,29,5,"[2, 3, 4, 5, 6, 7]",3,True
14,30,7,"[2, 3, 5, 6, 7]",3,True
14,31,4,"[2, 3, 4, 5, 6, 7]",1,True
14,32,5,[5],1,True
14,33,5,[5],1,True
14,34,5,[5],1,True
14,35,5,"[4, 5]",1,True
14,36,5,"[4, 5]",1,True
14,37,7,"[4, 5, 6, 7]",1,True
14,38,4,"[4, 5, 6, 7]",1,True
14,39,0,"[0, 1]",1,True
14,40,4,"[2, 3, 4, 5, 6, 7]",3,True
14,41,5,"[3, 4, 5]",3,True
14,42,5,"[4, 5, 6, 7]",1,True
14,43,5,[5],1,True
14,44,5,"[0, 2, 3, 4, 5, 6, 7]",3,True
14,45,5,"[4, 5]",1,True
14,46,6,[6],1,True
14,47,4,"[0, 1, 4, 5, 6, 7]",4,True
14,48,5,"[2, 3, 4, 5, 6, 7]",4,True
14,49,5,[5],1,True
14,50,4,[4],1,True
14,51,4,"[0, 1]",2,False
14,52,6,"[2, 3]",2,False
14,53,6,[6],1,True
14,54,5,"[4, 5, 6, 7]",2,True
14,55,5,"[4, 5, 6, 7]",2,True
14,56,5,"[0, 4, 5]",2,True
14,57,5,[5],1,True
14,58,4,[4],1,True
14,59,1,"[0, 1]",1,True
14,60,3,[3],1,True
14,61,5,"[4, 5, 6, 7]",3,True
14,62,5,"[4, 5, 6, 7]",2,True
14,63,6,"[4, 5, 6, 7]",2,True
14,64,2,[2],1,True
14,65,5,"[4, 5, 6, 7]",2,True
14,66,3,[3],1,True
14,67,1,[1],1,True
14,68,6,"[4, 5, 6, 7]",2,True
14,69,5,"[0, 1, 3, 4, 5]",3,True
14,70,4,[4],1,True
14,71,5,"[4, 5, 6, 7]",1,True
14,72,4,"[0, 1]",2,False
14,73,3,"[2, 3]",2,True
14,74,2,"[4, 5, 6, 7]",4,False
14,75,2,"[4, 5, 6, 7]",4,False
14,76,5,"[4, 5]",1,True
14,77,6,"[4, 5, 6]",3,True
14,78,6,[6],1,True
14,79,4,[4],1,True
14,80,5,"[4, 5, 6, 7]",1,True
14,81,6,"[4, 5, 6]",3,True
14,82,5,[5],1,True
14,83,2,"[4, 5]",2,False
14,84,5,"[4, 5]",1,True
14,85,2,"[4, 5]",2,False
14,86,5,"[4, 5]",1,True
14,87,4,[4],1,True
14,88,5,"[4, 5]",1,True
14,89,5,[5],1,True
14,90,5,[5],1,True
14,91,5,"[2, 3]",1,False
14,92,4,[4],1,True
14,93,5,"[0, 5]",2,True
14,94,5,[5],1,True
14,95,6,[6],1,True
14,96,5,"[4, 5, 6, 7]",1,True
14,97,6,"[0, 1, 6]",3,True
14,98,5,"[2, 4, 5]",3,True
14,99,5,[5],1,True
15,0,3,[3],1,True
15,1,3,"[0, 1, 2, 3, 6]",4,True
15,2,0,[0],1,True
15,3,3,"[2, 3]",1,True
15,4,3,"[2, 3]",1,True
15,5,1,"[1, 3]",2,True
15,6,3,"[0, 1, 2, 3, 7]",3,True
15,7,3,[3],1,True
15,8,3,[3],1,True
15,9,1,"[0, 1]",1,True
15,10,4,"[2, 3, 4, 5, 6, 7]",2,True
15,11,3,"[6, 7]",2,False
15,12,4,"[1, 3, 4]",3,True
15,13,3,"[2, 3, 5]",3,True
15,14,4,"[2, 3, 4]",2,True
15,15,3,"[2, 3]",2,True
15,16,3,"[0, 1, 2, 3]",1,True
15,17,4,[4],1,True
15,18,3,"[0, 1, 2, 3]",1,True
15,19,3,"[0, 1, 2, 3]",1,True
15,20,2,[2],1,True
15,21,3,[3],1,True
15,22,1,"[0, 1, 2, 3, 4, 5]",1,True
15,23,2,"[0, 1, 2, 3]",1,True
15,24,4,"[0, 4, 5, 6]",4,True
15,25,3,"[0, 1, 2, 3, 4, 5, 6, 7]",2,True
15,26,2,"[2, 3, 4, 5, 7]",2,True
15,27,0,"[0, 1, 2, 3, 4, 5]",1,True
15,28,6,"[2, 3, 6, 7]",1,True
15,29,5,"[4, 5, 6, 7]",2,True
15,30,3,[3],1,True
15,31,0,[0],1,True
15,32,2,[2],1,True
15,33,6,"[0, 6]",2,True
15,34,3,"[2, 3, 4, 5, 7]",4,True
15,35,3,[3],1,True
15,36,3,"[2, 3]",1,True
15,37,2,"[2, 3]",1,True
15,38,7,"[6, 7]",1,True
15,39,3,"[0, 1, 2, 3, 5, 6, 7]",2,True
15,40,1,[1],1,True
15,41,2,"[0, 1, 2]",3,True
15,42,2,"[0, 1, 2]",3,True
15,43,3,[3],1,True
15,44,4,[4],1,True
15,45,1,[1],1,True
15,46,3,"[2, 3]",1,True
15,47,1,"[4, 5, 6, 7]",4,False
15,48,2,[2],1,True
15,49,3,"[0, 1, 2, 3]",1,True
15,50,3,"[3, 6]",2,True
15,51,3,[7],1,False
15,52,2,[2],1,True
15,53,3,"[0, 1, 2, 3]",2,True
15,54,5,"[4, 5, 6, 7]",1,True
15,55,3,"[2, 3]",2,True
15,56,2,"[6, 7]",2,False
15,57,3,"[2, 3, 7]",2,True
15,58,6,[6],1,True
15,59,3,"[2, 3]",1,True
15,60,3,"[2, 3]",1,True
15,61,3,"[2, 3]",2,True
15,62,3,"[2, 3]",1,True
15,63,3,[7],1,False
15,64,2,[2],1,True
15,65,6,[6],1,True
15,66,4,"[0, 1]",2,False
15,67,3,"[2, 3]",1,True
15,68,3,"[0, 1, 2, 3]",2,True
15,69,3,"[0, 1, 2, 3]",1,True
15,70,2,"[0, 1, 2]",3,True
15,71,3,"[2, 3]",1,True
15,72,4,[4],1,True
15,73,1,[1],1,True
15,74,3,[6],1,False
15,75,3,"[0, 1, 3]",3,True
15,76,3,[3],1,True
15,77,1,"[0, 1, 4, 5, 6, 7]",6,True
15,78,5,"[4, 5, 6, 7]",1,True
15,79,1,[1],1,True
15,80,3,[3],1,True
15,81,3,"[2, 3]",1,True
15,82,2,"[2, 3]",1,True
15,83,2,[2],1,True
15,84,3,"[0, 1, 2, 3]",1,True
15,85,3,"[2, 3]",2,True
15,86,1,"[0, 1, 2, 3]",1,True
15,87,5,"[0, 1]",2,False
15,88,3,"[0, 1, 2, 3]",1,True
15,89,3,"[0, 1, 2, 3]",2,True
15,90,3,"[2, 3]",1,True
15,91,1,[1],1,True
15,92,5,"[0, 1, 2, 3, 5]",5,True
15,93,3,"[0, 1, 2, 3]",1,True
15,94,5,[5],1,True
15,95,2,[2],1,True
15,96,1,"[0, 1]",1,True
15,97,3,"[0, 3]",2,True
15,98,3,"[0, 1, 2, 3]",1,True
15,99,1,"[0, 1]",2,True
16,0,4,[4],1,True
16,1,4,"[4, 5]",2,True
16,2,4,"[2, 4, 5]",2,True
16,3,4,[4],1,True
16,4,4,"[3, 4, 5]",3,True
16,5,6,"[1, 3, 4, 5, 6, 7]",4,True
16,6,6,"[2, 3, 6, 7]",2,True
16,7,4,"[4, 5]",2,True
16,8,5,"[4, 5]",1,True
16,9,1,"[0, 1, 2, 3]",2,True
16,10,5,"[4, 5, 7]",3,True
16,11,4,"[4, 5]",1,True
16,12,5,[5],1,True
16,13,0,"[2, 3, 4]",2,False
16,14,4,"[4, 5, 6, 7]",1,True
16,15,6,"[3, 6]",2,True
16,16,4,"[4, 5]",1,True
16,17,6,"[3, 4, 5, 6, 7]",3,True
16,18,2,"[2, 3, 4, 5]",2,True
16,19,4,"[1, 2, 4, 5, 6, 7]",5,True
16,20,5,"[0, 1, 2, 3, 4, 5, 6, 7]",2,True
16,21,5,"[1, 4, 5, 7]",4,True
16,22,4,[4],1,True
16,23,5,"[2, 3, 4, 5, 6, 7]",3,True
16,24,4,"[4, 5, 6, 7]",3,True
16,25,4,"[4, 5]",1,True
16,26,0,"[0, 1, 2, 3, 4, 5, 6, 7]",1,True
16,27,4,"[0, 1, 2, 3, 4, 5, 6, 7]",2,True
16,28,4,[4],1,True
16,29,7,"[4, 5, 6, 7]",1,True
16,30,4,"[4, 5]",2,True
16,31,1,[1],1,True
16,32,2,[2],1,True
16,33,4,[4],1,True
16,34,4,"[4, 5]",1,True
16,35,5,"[4, 5, 6, 7]",1,True
16,36,1,"[3, 4, 5]",2,False
16,37,4,"[3, 4, 5, 7]",4,True
16,38,3,"[2, 3, 4, 6, 7]",2,True
16,39,4,"[4, 7]",2,True
16,40,4,"[4, 5, 6, 7]",1,True
16,41,3,"[3, 4, 5, 6, 7]",5,True
16,42,5,[5],1,True
16,43,4,"[4, 5]",1,True
16,44,4,[7],1,False
16,45,4,"[0, 1, 4, 5, 6, 7]",1,True
16,46,4,"[4, 5]",1,True
16,47,4,"[4, 5]",2,True
16,48,6,[6],1,True
16,49,5,"[0, 1, 2, 3]",4,False
16,50,4,[4],1,True
16,51,2,[2],1,True
16,52,4,"[4, 6, 7]",2,True
16,53,4,"[4, 5, 6, 7]",1,True
16,54,6,[6],1,True
16,55,2,[2],1,True
16,56,2,[2],1,True
16,57,4,"[4, 5]",1,True
16,58,4,[4],1,True
16,59,3,[3],1,True
16,60,4,[4],1,True
16,61,4,[4],1,True
16,62,5,[5],1,True
16,63,1,[1],1,True
16,64,6,[6],1,True
16,65,1,"[0, 1, 2, 3]",3,True
16,66,4,"[3, 4, 5]",3,True
16,67,4,"[4, 5]",1,True
16,68,4,"[4, 5, 6]",3,True
16,69,4,"[4, 5, 6, 7]",1,True
16,70,4,[4],1,True
16,71,4,"[4, 5, 6, 7]",2,True
16,72,4,"[4, 5]",1,True
16,73,5,"[6, 7]",2,False
16,74,5,[5],1,True
16,75,5,"[4, 5, 6, 7]",2,True
16,76,4,[4],1,True
16,77,6,[6],1,True
16,78,6,[6],1,True
16,79,6,"[0, 1]",2,False
16,80,4,[4],1,True
16,81,4,"[0, 1, 4, 5]",1,True
16,82,4,"[4, 5, 6, 7]",1,True
16,83,4,[4],1,True
16,84,6,"[4, 5, 6]",3,True
16,85,4,[4],1,True
16,86,6,[6],1,True
16,87,4,"[4, 5, 6, 7]",1,True
16,88,2,[2],1,True
16,89,6,[6],1,True
16,90,2,[2],1,True
16,91,4,"[4, 5, 6, 7]",1,True
16,92,4,"[4, 5, 6, 7]",2,True
16,93,4,"[1, 4]",2,True
16,94,5,"[4, 5, 6, 7]",2,True
16,95,5,"[0, 1]",2,False
16,96,1,"[0, 1, 2, 3]",2,True
16,97,6,[6],1,True
16,98,5,"[4, 5, 6, 7]",1,True
16,99,5,"[0, 1, 2, 3, 4, 5, 6, 7]",6,True
17,0,5,"[4, 5]",2,True
17,1,5,"[4, 5]",1,True
17,2,4,"[2, 4, 5, 6, 7]",2,True
17,3,7,"[4, 5, 6, 7]",1,True
17,4,3,"[2, 3]",1,True
17,5,5,"[4, 5]",1,True
17,6,7,"[6, 7]",2,True
17,7,5,"[4, 5]",1,True
17,8,5,"[4, 5]",1,True
17,9,5,[2],1,False
17,10,6,"[4, 5, 6, 7]",1,True
17,11,2,"[0, 1, 2, 3, 4, 5]",3,True
17,12,5,[5],1,True
17,13,1,"[0, 1]",1,True
17,14,3,"[3, 4, 5, 6, 7]",2,True
17,15,5,"[4, 5]",1,True
17,16,5,"[2, 5]",2,True
17,17,4,"[0, 1, 4, 5, 6, 7]",2,True
17,18,5,"[4, 5, 6, 7]",1,True
17,19,6,"[6, 7]",2,True
17,20,1,"[0, 1, 2, 3, 4, 5, 6, 7]",5,True
17,21,4,[4],1,True
17,22,5,"[0, 1, 2, 3, 4, 5, 7]",4,True
17,23,5,"[4, 5, 6, 7]",1,True
17,24,5,"[4, 5, 6, 7]",1,True
17,25,5,[5],1,True
17,26,0,"[0, 1]",1,True
17,27,4,"[4, 5, 6, 7]",2,True
17,28,4,"[1, 4, 5, 6, 7]",3,True
17,29,5,"[4, 5, 6, 7]",1,True
17,30,5,"[4, 5]",1,True
17,31,5,"[4, 5, 6, 7]",1,True
17,32,5,"[4, 5]",1,True
17,33,0,"[0, 1, 4, 5, 7]",5,True
17,34,4,"[4, 5, 6, 7]",1,True
17,35,4,"[4, 5, 6, 7]",2,True
17,36,3,"[0, 1, 2, 3]",1,True
17,37,5,"[4, 5]",1,True
17,38,4,"[4, 5, 6, 7]",1,True
17,39,5,"[4, 5]",1,True
17,40,5,[5],1,True
17,41,6,"[0, 1, 4, 5, 6, 7]",4,True
17,42,6,[6],1,True
17,43,5,"[0, 1, 2, 4, 5, 6, 7]",2,True
17,44,5,"[4, 5, 6, 7]",2,True
17,45,5,"[2, 3, 4, 5]",4,True
17,46,1,[1],1,True
17,47,5,"[4, 5, 6, 7]",2,True
17,48,6,"[0, 1, 2, 3, 6]",5,True
17,49,5,"[4, 5]",2,True
17,50,5,"[2, 4, 5, 6, 7]",3,True
17,51,5,"[4, 5, 6, 7]",2,True
17,52,6,[6],1,True
17,53,2,[2],1,True
17,54,5,"[4, 5, 6, 7]",1,True
17,55,5,"[0, 5]",2,True
17,56,6,"[2, 3]",2,False
17,57,5,[5],1,True
17,58,5,"[4, 5, 6, 7]",1,True
17,59,4,"[4, 5, 6, 7]",3,True
17,60,5,"[4, 5, 6, 7]",1,True
17,61,5,[5],1,True
17,62,2,[2],1,True
17,63,4,"[4, 5, 6, 7]",3,True
17,64,4,[4],1,True
17,65,2,"[2, 3, 4, 5]",3,True
17,66,6,[6],1,True
17,67,6,"[6, 7]",2,True
17,68,1,"[0, 1, 2, 3]",2,True
17,69,5,"[0, 4, 5, 6, 7]",2,True
17,70,5,"[4, 5, 6, 7]",1,True
17,71,5,[5],1,True
17,72,4,"[4, 5]",1,True
17,73,5,"[4, 5, 6, 7]",1,True
17,74,5,"[1, 3, 4, 5]",4,True
17,75,6,[6],1,True
17,76,5,[7],1,False
17,77,4,[4],1,True
17,78,6,"[0, 1, 4, 5, 6, 7]",6,True
17,79,5,"[0, 3, 4, 5]",4,True
17,80,5,"[0, 1, 2, 5]",3,True
17,81,5,"[4, 5]",1,True
17,82,2,"[6, 7]",2,False
17,83,3,[3],1,True
17,84,4,"[2, 3, 4]",3,True
17,85,4,[4],1,True
17,86,5,"[4, 5]",1,True
17,87,1,"[6, 7]",2,False
17,88,5,"[4, 5, 6, 7]",2,True
17,89,5,[5],1,True
17,90,4,"[4, 5]",1,True
17,91,6,[6],1,True
17,92,5,"[4, 5]",1,True
17,93,4,"[4, 5, 6, 7]",4,True
17,94,5,"[0, 1, 2, 3, 4, 5, 6, 7]",2,True
17,95,4,"[4, 5]",1,True
17,96,3,"[2, 3]",1,True
17,97,2,[2],1,True
17,98,5,"[4, 5, 6, 7]",1,True
17,99,5,"[0, 1, 4, 5, 6, 7]",2,True
18,0,2,[2],1,True
18,1,2,"[0, 1, 2, 3, 6]",3,True
18,2,0,"[0, 1, 2, 3]",2,True
18,3,2,[2],1,True
18,4,2,"[0, 1, 2, 3]",1,True
18,5,3,"[0, 1, 2, 3, 4]",2,True
18,6,3,"[0, 1, 2, 3, 4]",3,True
18,7,4,"[2, 3, 4]",2,True
18,8,4,"[1, 4, 5, 6, 7]",3,True
18,9,2,[2],1,True
18,10,0,"[0, 1, 2, 3]",2,True
18,11,2,[2],1,True
18,12,1,"[0, 1, 2, 3]",1,True
18,13,3,[3],1,True
18,14,2,"[1, 2, 3]",2,True
18,15,2,[2],1,True
18,16,2,"[2, 3, 7]",2,True
18,17,5,"[0, 1, 4, 5, 6, 7]",1,True
18,18,2,[2],1,True
18,19,3,"[0, 1, 2, 3, 6]",2,True
18,20,2,"[0, 1, 2, 3, 7]",2,True
18,21,3,"[3, 4, 5]",2,True
18,22,1,"[5, 6]",2,False
18,23,2,[2],1,True
18,24,2,"[1, 2, 3, 5]",4,True
18,25,5,[5],1,True
18,26,1,"[0, 1, 2, 3]",2,True
18,27,1,"[1, 2, 3]",2,True
18,28,6,"[4, 5, 6, 7]",1,True
18,29,3,"[0, 1, 2, 3]",2,True
18,30,2,[2],1,True
18,31,2,"[0, 1, 2, 3, 4, 7]",5,True
18,32,2,"[6, 7]",1,False
18,33,1,"[0, 1, 2, 3, 6, 7]",3,True
18,34,2,[2],1,True
18,35,5,"[0, 1, 2, 3, 4, 5, 6, 7]",4,True
18,36,2,"[0, 1, 2, 3]",1,True
18,37,2,"[2, 3]",2,True
18,38,2,"[2, 4, 5, 6]",3,True
18,39,3,"[2, 3]",1,True
18,40,2,"[6, 7]",1,False
18,41,3,"[0, 1]",2,False
18,42,2,"[0, 1, 2, 3, 6]",3,True
18,43,2,"[0, 1, 2, 3, 4, 5, 6, 7]",7,True
18,44,4,[4],1,True
18,45,2,"[2, 3]",1,True
18,46,1,[1],1,True
18,47,5,[5],1,True
18,48,2,"[2, 3]",2,True
18,49,2,"[2, 3]",1,True
18,50,3,"[3, 6, 7]",3,True
18,51,1,[1],1,True
18,52,1,"[0, 1, 2, 3]",1,True
18,53,2,"[2, 3]",2,True
18,54,2,"[2, 4, 5, 6, 7]",2,True
18,55,3,[3],1,True
18,56,1,"[0, 1]",2,True
18,57,2,"[0, 1, 2, 3]",1,True
18,58,4,"[4, 5, 6, 7]",2,True
18,59,2,"[0, 1, 2, 3, 4, 5]",1,True
18,60,3,"[2, 3]",1,True
18,61,4,"[4, 5, 6, 7]",1,True
18,62,2,"[2, 4, 5]",2,True
18,63,4,"[4, 6, 7]",3,True
18,64,2,"[0, 1, 2, 3, 4]",3,True
18,65,5,"[4, 5, 6, 7]",1,True
18,66,2,[2],1,True
18,67,1,"[0, 1, 2, 3, 4, 5]",4,True
18,68,3,[3],1,True
18,69,2,"[2, 3]",1,True
18,70,2,"[2, 3, 7]",2,True
18,71,6,[6],1,True
18,72,2,[2],1,True
18,73,2,[2],1,True
18,74,1,"[4, 5, 6, 7]",4,False
18,75,1,[1],1,True
18,76,4,[4],1,True
18,77,2,"[2, 3, 4]",3,True
18,78,6,[6],1,True
18,79,3,"[3, 4, 5]",3,True
18,80,3,[3],1,True
18,81,2,"[0, 1, 2, 3]",1,True
18,82,2,[2],1,True
18,83,6,[6],1,True
18,84,2,"[0, 1, 2, 3]",1,True
18,85,2,"[6, 7]",1,False
18,86,1,"[2, 3]",2,False
18,87,2,"[0, 1, 2, 3]",1,True
18,88,2,"[0, 1, 2, 3]",1,True
18,89,3,[3],1,True
18,90,2,"[2, 3, 4, 5, 6, 7]",2,True
18,91,2,"[2, 7]",2,True
18,92,3,"[2, 3]",2,True
18,93,3,"[4, 5]",2,False
18,94,2,"[0, 1, 2, 3]",1,True
18,95,2,"[0, 1]",1,False
18,96,2,"[2, 3]",1,True
18,97,1,"[1, 6, 7]",3,True
18,98,2,[2],1,True
18,99,1,"[0, 1, 2, 3]",4,True
19,0,5,"[4, 5, 6, 7]",1,True
19,1,5,[5],1,True
19,2,5,"[3, 4, 5, 6, 7]",2,True
19,3,3,"[0, 1, 2, 3, 4, 5, 7]",3,True
19,4,4,"[4, 5, 6, 7]",1,True
19,5,2,[2],1,True
19,6,7,"[2, 6, 7]",2,True
19,7,4,"[4, 5]",1,True
19,8,5,"[4, 5, 6, 7]",1,True
19,9,5,"[4, 5, 6, 7]",2,True
19,10,4,"[4, 5, 6, 7]",1,True
19,11,5,[5],1,True
19,12,7,"[0, 1, 2, 3, 6, 7]",2,True
19,13,1,"[0, 1, 3]",2,True
19,14,5,"[4, 5, 6, 7]",1,True
19,15,5,"[3, 4, 5, 6, 7]",3,True
19,16,5,"[4, 5, 6, 7]",1,True
19,17,5,"[4, 5]",2,True
19,18,6,"[6, 7]",1,True
19,19,5,[5],1,True
19,20,3,"[4, 5, 6, 7]",1,False
19,21,4,"[3, 4, 5]",3,True
19,22,4,"[4, 5, 6, 7]",1,True
19,23,4,"[0, 1, 2, 3, 4, 5, 6, 7]",4,True
19,24,5,"[4, 5, 6, 7]",2,True
19,25,5,"[4, 5]",1,True
19,26,6,[6],1,True
19,27,6,[5],1,False
19,28,5,"[4, 5, 6, 7]",2,True
19,29,0,"[0, 1, 2, 3]",2,True
19,30,5,"[3, 4, 5, 6, 7]",3,True
19,31,4,[4],1,True
19,32,5,[2],1,False
19,33,5,"[4, 5, 6, 7]",1,True
19,34,5,"[4, 5]",1,True
19,35,6,[6],1,True
19,36,1,"[0, 1, 2, 3]",1,True
19,37,5,[5],1,True
19,38,5,"[0, 3, 4, 5]",3,True
19,39,4,[4],1,True
19,40,2,"[2, 3]",2,True
19,41,1,"[1, 2, 3]",3,True
19,42,5,"[4, 5]",2,True
19,43,4,[4],1,True
19,44,5,"[4, 5]",2,True
19,45,6,[6],1,True
19,46,5,[5],1,True
19,47,5,"[4, 5, 6, 7]",1,True
19,48,6,"[0, 1]",2,False
19,49,5,"[3, 5]",2,True
19,50,3,"[0, 1, 2, 3, 4, 5]",3,True
19,51,4,[4],1,True
19,52,5,"[4, 5]",2,True
19,53,5,[5],1,True
19,54,4,"[4, 5, 6, 7]",1,True
19,55,5,"[4, 5, 6, 7]",1,True
19,56,2,[2],1,True
19,57,6,"[0, 1, 6, 7]",4,True
19,58,4,[4],1,True
19,59,5,"[4, 5]",2,True
19,60,5,"[4, 5, 7]",3,True
19,61,5,"[4, 5, 6, 7]",1,True
19,62,4,"[4, 5, 6, 7]",4,True
19,63,5,"[0, 1, 2, 3, 4, 5, 6, 7]",4,True
19,64,4,"[0, 1, 4]",3,True
19,65,5,"[1, 2, 3, 4, 5]",4,True
19,66,6,"[0, 1, 6]",3,True
19,67,5,"[3, 4, 5, 6, 7]",3,True
19,68,5,[5],1,True
19,69,5,"[4, 5, 6, 7]",2,True
19,70,4,[4],1,True
19,71,6,"[4, 5, 6, 7]",4,True
19,72,5,[5],1,True
19,73,5,"[4, 5, 6, 7]",2,True
19,74,5,"[4, 5, 6, 7]",1,True
19,75,5,"[2, 4, 5, 6, 7]",2,True
19,76,6,"[2, 3]",2,False
19,77,6,[6],1,True
19,78,5,"[0, 1, 4, 5, 6, 7]",2,True
19,79,5,[5],1,True
19,80,1,[1],1,True
19,81,3,"[0, 1, 2, 3]",2,True
19,82,5,"[4, 5]",1,True
19,83,6,"[0, 1]",2,False
19,84,5,[5],1,True
19,85,6,[6],1,True
19,86,4,"[4, 5, 6, 7]",1,True
19,87,3,"[4, 5]",2,False
19,88,6,"[0, 1, 6, 7]",4,True
19,89,1,"[0, 1]",1,True
19,90,5,"[4, 5, 7]",2,True
19,91,5,[5],1,True
19,92,1,[1],1,True
19,93,5,"[2, 5]",2,True
19,94,5,"[4, 5]",1,True
19,95,4,[4],1,True
19,96,5,"[0, 1, 5]",2,True
19,97,4,[4],1,True
19,98,5,"[2, 3, 4, 5, 6, 7]",2,True
19,99,3,[3],1,True
2,0,5,"[4, 5]",1,True
2,1,0,"[0, 4, 5]",3,True
2,2,1,"[0, 1, 2, 3]",2,True
2,3,5,"[4, 5, 6, 7]",1,True
2,4,7,"[0, 2, 4, 5, 6, 7]",4,True
2,5,5,"[4, 5, 6, 7]",1,True
2,6,1,"[0, 1, 4, 5, 6, 7]",2,True
2,7,5,"[4, 5]",1,True
2,8,5,"[4, 5, 6, 7]",2,True
2,9,7,"[0, 1, 2, 5, 7]",4,True
2,10,5,"[0, 1, 2, 3, 5]",2,True
2,11,5,"[4, 5, 6, 7]",2,True
2,12,5,"[2, 3, 4, 5]",1,True
2,13,4,"[4, 5]",1,True
2,14,4,"[4, 5, 6, 7]",1,True
2,15,5,"[4, 5]",1,True
2,16,5,[5],1,True
2,17,5,[5],1,True
2,18,0,[6],1,False
2,19,3,[5],1,False
2,20,4,"[4, 5]",1,True
2,21,5,[5],1,True
2,22,0,[3],1,False
2,23,5,[5],1,True
2,24,2,"[0, 1, 2, 3, 4, 5, 6, 7]",2,True
2,25,3,"[2, 3]",2,True
2,26,5,"[2, 4, 5, 6]",4,True
2,27,5,[5],1,True
2,28,6,"[2, 6]",2,True
2,29,5,[5],1,True
2,30,2,"[2, 3, 5]",3,True
2,31,3,[3],1,True
2,32,4,"[4, 5, 6, 7]",1,True
2,33,5,"[4, 5]",2,True
2,34,5,"[4, 5]",1,True
2,35,3,"[0, 1, 2, 3]",2,True
2,36,4,[4],1,True
2,37,5,"[4, 5, 6, 7]",1,True
2,38,5,"[2, 4, 5]",2,True
2,39,7,[7],1,True
2,40,5,"[4, 5, 6, 7]",1,True
2,41,6,[6],1,True
2,42,5,"[4, 5, 6, 7]",2,True
2,43,5,"[4, 5, 6, 7]",2,True
2,44,4,[4],1,True
2,45,5,[5],1,True
2,46,4,[4],1,True
2,47,5,"[0, 1, 4, 5, 6, 7]",3,True
2,48,6,"[2, 3, 4, 5, 6, 7]",3,True
2,49,5,"[4, 5]",2,True
2,50,6,[6],1,True
2,51,4,"[0, 1, 6, 7]",4,False
2,52,4,[4],1,True
2,53,5,[5],1,True
2,54,6,"[0, 1]",2,False
2,55,5,"[4, 5]",1,True
2,56,6,"[4, 5, 6, 7]",1,True
2,57,5,"[4, 5]",1,True
2,58,5,[5],1,True
2,59,5,"[4, 5, 6, 7]",1,True
2,60,5,"[0, 4, 5, 6, 7]",4,True
2,61,6,"[2, 3]",2,False
2,62,4,[4],1,True
2,63,6,[6],1,True
2,64,5,"[1, 2, 3, 4, 5, 6, 7]",4,True
2,65,5,[5],1,True
2,66,1,[1],1,True
2,67,5,"[0, 1, 2, 3, 4, 5, 6, 7]",1,True
2,68,4,"[4, 6, 7]",3,True
2,69,5,[5],1,True
2,70,4,[4],1,True
2,71,5,"[4, 5, 6, 7]",2,True
2,72,4,[4],1,True
2,73,5,[5],1,True
2,74,5,[5],1,True
2,75,3,[3],1,True
2,76,6,"[4, 5]",2,False
2,77,2,[2],1,True
2,78,5,"[1, 3, 4, 5, 6, 7]",3,True
2,79,2,[2],1,True
2,80,5,"[0, 1, 4, 5, 6, 7]",2,True
2,81,5,"[4, 5, 6, 7]",1,True
2,82,5,"[2, 3]",1,False
2,83,6,"[0, 1]",2,False
2,84,5,"[0, 1, 4, 5, 6, 7]",2,True
2,85,3,"[0, 1, 3]",3,True
2,86,2,"[0, 1, 2, 3]",4,True
2,87,3,"[2, 3]",1,True
2,88,1,"[0, 1, 2, 3, 6, 7]",6,True
2,89,3,[3],1,True
2,90,6,[6],1,True
2,91,5,[3],1,False
2,92,5,"[4, 5]",1,True
2,93,3,[3],1,True
2,94,5,"[0, 1, 2, 3, 4, 5]",2,True
2,95,4,[4],1,True
2,96,5,[5],1,True
2,97,4,[4],1,True
2,98,5,"[4, 5, 6, 7]",1,True
2,99,5,"[0, 1, 2, 3, 4, 5, 6, 7]",3,True
20,0,5,"[4, 5, 6, 7]",1,True
20,1,5,"[0, 1, 4, 5, 6, 7]",4,True
20,2,5,"[0, 1, 3, 4, 5, 6, 7]",5,True
20,3,6,"[0, 1, 4, 5, 6, 7]",2,True
20,4,5,[5],1,True
20,5,4,"[4, 5, 6, 7]",1,True
20,6,5,[5],1,True
20,7,4,[4],1,True
20,8,5,"[4, 5, 6, 7]",1,True
20,9,4,"[4, 5, 6, 7]",1,True
20,10,1,"[0, 1, 2, 3]",1,True
20,11,5,"[0, 1]",1,False
20,12,7,"[4, 5, 6, 7]",1,True
20,13,0,"[0, 1, 2, 3, 4, 5, 6, 7]",4,True
20,14,2,"[6, 7]",1,False
20,15,4,"[2, 4]",2,True
20,16,5,"[4, 5, 6, 7]",1,True
20,17,5,[5],1,True
20,18,4,"[1, 4, 6, 7]",3,True
20,19,5,"[4, 5, 6, 7]",1,True
20,20,0,"[0, 1]",2,True
20,21,5,"[0, 4, 5, 6, 7]",3,True
20,22,4,"[4, 5]",1,True
20,23,3,"[2, 3]",2,True
20,24,5,"[4, 5, 6, 7]",2,True
20,25,5,"[1, 4, 5]",2,True
20,26,5,"[4, 5, 6, 7]",1,True
20,27,5,"[4, 5]",1,True
20,28,0,"[0, 1, 4, 5, 6, 7]",3,True
20,29,4,"[1, 3, 4, 5, 6, 7]",3,True
20,30,5,"[4, 5]",2,True
20,31,5,"[4, 5]",1,True
20,32,5,[5],1,True
20,33,4,"[4, 5, 6, 7]",1,True
20,34,4,"[0, 4, 5]",3,True
20,35,5,"[4, 5, 6, 7]",1,True
20,36,4,"[4, 5, 6, 7]",1,True
20,37,7,"[0, 1, 4, 5, 6, 7]",4,True
20,38,7,"[3, 4, 5, 6, 7]",3,True
20,39,5,"[4, 5]",1,True
20,40,5,"[4, 5]",1,True
20,41,5,[5],1,True
20,42,5,"[4, 5, 6, 7]",1,True
20,43,5,"[1, 4, 5, 6, 7]",3,True
20,44,3,[3],1,True
20,45,6,"[4, 5, 6, 7]",2,True
20,46,4,"[4, 5, 6, 7]",2,True
20,47,5,"[4, 5, 6, 7]",2,True
20,48,3,[3],1,True
20,49,5,"[2, 5]",2,True
20,50,5,"[4, 5, 6, 7]",1,True
20,51,5,[5],1,True
20,52,6,[6],1,True
20,53,5,"[5, 6, 7]",2,True
20,54,1,"[0, 1, 6, 7]",4,True
20,55,6,"[2, 3, 4, 5, 6, 7]",6,True
20,56,3,[3],1,True
20,57,5,"[4, 5, 6, 7]",2,True
20,58,4,[4],1,True
20,59,4,[4],1,True
20,60,5,"[4, 5]",1,True
20,61,6,"[0, 1]",2,False
20,62,5,"[4, 5, 6, 7]",1,True
20,63,5,"[4, 5]",1,True
20,64,5,"[4, 5]",2,True
20,65,4,[4],1,True
20,66,5,[5],1,True
20,67,4,[4],1,True
20,68,4,[4],1,True
20,69,6,"[0, 1]",2,False
20,70,5,"[1, 2, 3, 4, 5, 6, 7]",3,True
20,71,5,"[0, 5]",2,True
20,72,5,[5],1,True
20,73,2,"[2, 6, 7]",3,True
20,74,5,"[4, 5, 6, 7]",2,True
20,75,6,"[6, 7]",2,True
20,76,6,[6],1,True
20,77,5,"[1, 5]",2,True
20,78,5,"[4, 5, 6, 7]",2,True
20,79,4,[4],1,True
20,80,5,"[4, 5, 6, 7]",1,True
20,81,4,[4],1,True
20,82,2,"[0, 1, 2]",3,True
20,83,5,[5],1,True
20,84,6,"[2, 3, 6]",3,True
20,85,2,[2],1,True
20,86,2,"[4, 5, 6, 7]",4,False
20,87,5,"[4, 5]",2,True
20,88,5,"[4, 5, 6, 7]",1,True
20,89,5,[5],1,True
20,90,5,"[0, 1, 3, 4, 5, 6]",6,True
20,91,5,[5],1,True
20,92,6,[6],1,True
20,93,4,[4],1,True
20,94,2,"[4, 5]",2,False
20,95,3,[3],1,True
20,96,5,"[4, 5]",1,True
20,97,6,[6],1,True
20,98,4,[4],1,True
20,99,5,"[3, 5]",2,True
21,0,2,"[2, 3, 6, 7]",1,True
21,1,3,"[3, 6]",2,True
21,2,0,"[0, 2, 3]",2,True
21,3,2,"[0, 1, 2, 3]",2,True
21,4,2,"[2, 3]",1,True
21,5,2,[2],1,True
21,6,2,"[0, 1, 2, 3, 4, 7]",4,True
21,7,3,"[0, 1, 2, 3]",1,True
21,8,4,[4],1,True
21,9,2,"[2, 3]",1,True
21,10,2,"[2, 3]",1,True
21,11,2,"[2, 3]",2,True
21,12,5,"[0, 1, 2, 3, 4, 5, 6, 7]",2,True
21,13,3,"[2, 3]",2,True
21,14,4,[4],1,True
21,15,4,"[4, 5, 6, 7]",1,True
21,16,2,[2],1,True
21,17,3,"[6, 7]",2,False
21,18,3,"[2, 3, 6, 7]",4,True
21,19,2,"[0, 1, 2, 3, 4, 6]",4,True
21,20,1,[1],1,True
21,21,6,"[0, 2, 4, 5, 6, 7]",4,True
21,22,3,"[3, 6, 7]",2,True
21,23,2,[2],1,True
21,24,2,[2],1,True
21,25,2,"[0, 1, 2, 3]",1,True
21,26,2,"[2, 3]",2,True
21,27,6,"[0, 1, 2, 3, 6, 7]",2,True
21,28,2,[2],1,True
21,29,1,"[0, 1, 2, 3]",1,True
21,30,2,[2],1,True
21,31,2,"[2, 6]",2,True
21,32,5,"[2, 3]",1,False
21,33,1,"[0, 1, 2, 3]",2,True
21,34,3,"[2, 3]",1,True
21,35,4,"[0, 1, 4]",2,True
21,36,2,"[2, 3]",1,True
21,37,2,[2],1,True
21,38,2,[2],1,True
21,39,1,"[0, 1, 2, 3, 5]",2,True
21,40,2,"[2, 3]",1,True
21,41,2,"[2, 7]",2,True
21,42,2,[0],1,False
21,43,2,"[2, 3]",1,True
21,44,5,[5],1,True
21,45,2,[2],1,True
21,46,3,"[6, 7]",2,False
21,47,2,"[2, 3]",1,True
21,48,2,"[0, 1, 2, 3]",1,True
21,49,2,"[2, 3]",1,True
21,50,1,"[4, 5]",2,False
21,51,1,"[0, 1]",2,True
21,52,2,"[2, 3]",1,True
21,53,2,"[2, 3]",2,True
21,54,3,[3],1,True
21,55,2,"[0, 1, 2, 3]",3,True
21,56,2,"[2, 3, 7]",2,True
21,57,2,"[0, 1, 2, 3, 4, 5, 6, 7]",1,True
21,58,2,[0],1,False
21,59,2,"[2, 7]",2,True
21,60,2,"[2, 3]",1,True
21,61,1,"[0, 1]",2,True
21,62,4,"[4, 5, 6, 7]",1,True
21,63,3,"[2, 3]",1,True
21,64,1,"[1, 6, 7]",3,True
21,65,2,"[2, 3]",2,True
21,66,1,"[0, 1, 2, 3]",1,True
21,67,6,"[6, 7]",1,True
21,68,2,"[0, 1, 2, 3]",1,True
21,69,2,"[2, 3, 5]",3,True
21,70,4,[4],1,True
21,71,4,"[4, 5]",1,True
21,72,1,[1],1,True
21,73,5,"[2, 3, 4, 5]",4,True
21,74,1,[1],1,True
21,75,3,"[6, 7]",2,False
21,76,3,[3],1,True
21,77,2,"[2, 3]",1,True
21,78,2,"[0, 1, 2, 3]",1,True
21,79,6,[6],1,True
21,80,2,"[2, 3]",1,True
21,81,3,[3],1,True
21,82,2,[2],1,True
21,83,1,"[4, 5]",2,False
21,84,2,"[2, 3]",1,True
21,85,1,[1],1,True
21,86,2,"[5, 7]",2,False
21,87,3,[3],1,True
21,88,4,"[2, 3]",2,False
21,89,3,[3],1,True
21,90,2,"[2, 3]",1,True
21,91,3,[3],1,True
21,92,1,[1],1,True
21,93,3,"[3, 4, 5]",3,True
21,94,2,"[0, 1, 2, 3, 4]",3,True
21,95,2,"[2, 5]",2,True
21,96,5,[5],1,True
21,97,2,"[0, 1, 2, 3]",1,True
21,98,2,"[1, 2, 3, 4, 5]",2,True
21,99,6,[6],1,True
22,0,0,"[0, 1, 2, 3, 4, 5, 6, 7]",6,True
22,1,3,"[1, 2, 3, 5]",4,True
22,2,3,"[0, 1, 2, 3]",1,True
22,3,3,"[2, 3]",1,True
22,4,3,[3],1,True
22,5,2,"[2, 3]",1,True
22,6,3,"[0, 1, 2, 3]",2,True
22,7,3,"[2, 3]",1,True
22,8,3,"[0, 1, 2, 3, 6, 7]",4,True
22,9,5,"[2, 3]",1,False
22,10,3,"[2, 3]",1,True
22,11,3,"[0, 1, 2, 3, 5]",2,True
22,12,2,"[0, 1, 2, 3]",1,True
22,13,3,"[0, 1, 2, 3]",1,True
22,14,3,[3],1,True
22,15,3,"[2, 3]",1,True
22,16,2,"[0, 1, 2, 3]",2,True
22,17,2,"[2, 3]",1,True
22,18,1,"[0, 1]",1,True
22,19,3,"[0, 1, 2, 3, 6, 7]",2,True
22,20,4,"[0, 4, 5, 6, 7]",2,True
22,21,3,[3],1,True
22,22,5,"[0, 2, 3, 5, 7]",5,True
22,23,0,"[0, 1, 2, 3]",1,True
22,24,1,"[1, 3, 6]",3,True
22,25,3,"[0, 1, 2, 3]",1,True
22,26,3,[3],1,True
22,27,1,"[0, 1, 4, 5]",1,True
22,28,2,"[0, 1, 2, 3]",1,True
22,29,6,[6],1,True
22,30,7,[7],1,True
22,31,3,"[0, 1, 2, 3, 7]",3,True
22,32,3,[3],1,True
22,33,2,"[2, 3]",1,True
22,34,5,"[0, 1, 2, 3, 4, 5]",1,True
22,35,0,"[0, 1, 2, 3]",1,True
22,36,0,[2],1,False
22,37,0,[0],1,True
22,38,3,"[0, 1, 2, 3, 4, 5]",4,True
22,39,3,"[0, 1, 2, 3, 4, 6, 7]",3,True
22,40,3,[3],1,True
22,41,4,[4],1,True
22,42,3,"[0, 1, 2, 3]",1,True
22,43,3,"[0, 1, 2, 3, 4, 5, 6, 7]",2,True
22,44,2,[2],1,True
22,45,3,"[0, 1, 2, 3]",1,True
22,46,4,[4],1,True
22,47,2,[2],1,True
22,48,2,[2],1,True
22,49,3,"[0, 1, 2, 3]",2,True
22,50,3,"[0, 1, 2, 3, 4, 5, 6, 7]",2,True
22,51,3,"[0, 1, 2, 3]",1,True
22,52,1,[1],1,True
22,53,5,[5],1,True
22,54,2,"[4, 5, 6, 7]",4,False
22,55,3,[3],1,True
22,56,1,[1],1,True
22,57,3,"[2, 3]",1,True
22,58,1,[1],1,True
22,59,2,[2],1,True
22,60,3,"[0, 1, 2, 3]",1,True
22,61,3,"[0, 1, 2, 3, 6, 7]",1,True
22,62,3,"[0, 1, 2, 3]",1,True
22,63,3,"[0, 1, 2, 3]",1,True
22,64,3,[3],1,True
22,65,3,[3],1,True
22,66,3,[3],1,True
22,67,3,"[0, 1, 2, 3, 5]",3,True
22,68,6,[6],1,True
22,69,6,[6],1,True
22,70,2,[2],1,True
22,71,1,[1],1,True
22,72,1,[1],1,True
22,73,6,"[0, 1, 2, 3]",4,False
22,74,3,"[0, 1, 2, 3]",1,True
22,75,1,[1],1,True
22,76,2,"[0, 1, 2]",3,True
22,77,5,[5],1,True
22,78,3,"[0, 1, 2, 3, 7]",4,True
22,79,1,[1],1,True
22,80,1,"[0, 1, 2, 3]",2,True
22,81,1,[1],1,True
22,82,6,[6],1,True
22,83,3,"[2, 3]",1,True
22,84,3,"[2, 3, 6, 7]",2,True
22,85,3,[6],1,False
22,86,6,[6],1,True
22,87,3,[3],1,True
22,88,3,"[0, 1, 2, 3]",2,True
22,89,3,"[2, 3]",1,True
22,90,3,[3],1,True
22,91,3,"[0, 1, 2, 3, 5]",3,True
22,92,3,"[2, 3]",1,True
22,93,2,[2],1,True
22,94,2,"[2, 6, 7]",3,True
22,95,2,"[2, 4, 5, 6, 7]",5,True
22,96,3,"[3, 4, 5]",2,True
22,97,4,"[4, 5, 6, 7]",2,True
22,98,3,"[2, 3]",1,True
22,99,1,[1],1,True
23,0,3,"[0, 1, 2, 3, 4, 5]",2,True
23,1,1,"[0, 1, 2]",2,True
23,2,2,"[2, 3]",1,True
23,3,2,"[0, 1, 2, 3]",2,True
23,4,2,[2],1,True
23,5,3,"[2, 3]",1,True
23,6,7,"[2, 3, 4, 5, 6, 7]",2,True
23,7,2,"[2, 3]",2,True
23,8,2,"[0, 1, 2, 3, 7]",2,True
23,9,3,"[0, 1, 2, 3, 4, 5, 7]",3,True
23,10,2,"[2, 3]",1,True
23,11,2,[2],1,True
23,12,2,[2],1,True
23,13,2,"[0, 1, 2, 3]",2,True
23,14,3,"[0, 1, 2, 3, 7]",4,True
23,15,4,"[2, 4, 5, 6, 7]",3,True
23,16,2,[2],1,True
23,17,4,"[2, 3]",1,False
23,18,2,[2],1,True
23,19,2,"[2, 3]",2,True
23,20,1,"[0, 1, 2, 3, 7]",3,True
23,21,1,"[0, 1, 2, 3]",2,True
23,22,6,"[6, 7]",1,True
23,23,2,[2],1,True
23,24,2,[2],1,True
23,25,1,"[0, 1]",1,True
23,26,2,"[2, 3]",2,True
23,27,3,"[0, 1, 3, 4]",4,True
23,28,1,"[0, 1, 2]",2,True
23,29,5,"[2, 4, 5, 6, 7]",3,True
23,30,3,[3],1,True
23,31,2,"[0, 1, 2, 3, 4, 5, 6, 7]",4,True
23,32,3,"[2, 3, 6, 7]",1,True
23,33,2,[2],1,True
23,34,2,"[2, 3]",1,True
23,35,6,"[4, 5, 6]",2,True
23,36,2,"[2, 3]",2,True
23,37,2,[2],1,True
23,38,3,"[0, 1, 2, 3]",1,True
23,39,6,"[2, 6]",2,True
23,40,2,"[2, 4]",2,True
23,41,2,"[2, 3]",1,True
23,42,1,[1],1,True
23,43,2,"[2, 6, 7]",2,True
23,44,1,[1],1,True
23,45,2,"[2, 7]",2,True
23,46,2,"[0, 1, 2, 3, 6, 7]",3,True
23,47,1,[1],1,True
23,48,6,"[4, 5, 6]",3,True
23,49,3,[3],1,True
23,50,1,"[0, 1, 2, 3]",2,True
23,51,4,[4],1,True
23,52,1,[1],1,True
23,53,5,"[4, 5, 6, 7]",2,True
23,54,2,"[0, 2, 4]",3,True
23,55,2,"[2, 6]",2,True
23,56,3,"[3, 4, 5]",3,True
23,57,2,"[0, 1, 2, 3, 4, 5]",2,True
23,58,2,"[0, 1, 2, 3, 4]",3,True
23,59,2,"[0, 1, 2, 3, 4, 7]",5,True
23,60,5,[5],1,True
23,61,2,"[0, 1, 2, 3, 6, 7]",6,True
23,62,3,"[2, 3]",1,True
23,63,2,"[2, 3]",1,True
23,64,2,[2],1,True
23,65,3,[3],1,True
23,66,6,"[0, 1, 4, 5, 6, 7]",6,True
23,67,3,[3],1,True
23,68,3,[3],1,True
23,69,2,"[2, 3]",1,True
23,70,2,[2],1,True
23,71,6,"[0, 1]",2,False
23,72,3,"[4, 5]",2,False
23,73,2,"[0, 1, 2, 3]",1,True
23,74,5,[5],1,True
23,75,1,"[0, 1, 2, 3]",2,True
23,76,2,"[2, 3]",2,True
23,77,1,"[0, 1, 2, 3, 4, 5]",4,True
23,78,2,[2],1,True
23,79,2,"[0, 1, 2, 3, 5]",2,True
23,80,2,[2],1,True
23,81,2,[2],1,True
23,82,1,[1],1,True
23,83,4,[4],1,True
23,84,5,[5],1,True
23,85,2,"[0, 1, 2, 3]",1,True
23,86,1,[1],1,True
23,87,2,"[0, 1, 2, 3, 6, 7]",2,True
23,88,3,"[6, 7]",2,False
23,89,4,[4],1,True
23,90,2,[2],1,True
23,91,1,[1],1,True
23,92,2,"[0, 1, 2, 3]",1,True
23,93,2,"[0, 1, 2, 3]",1,True
23,94,3,"[0, 1, 2, 3, 4, 5, 6, 7]",6,True
23,95,2,"[0, 1, 2, 3]",2,True
23,96,2,"[0, 1, 2]",2,True
23,97,2,"[2, 3]",1,True
23,98,2,"[2, 3]",2,True
23,99,3,"[0, 1, 2, 3, 6, 7]",4,True
24,0,2,"[2, 3]",1,True
24,1,1,"[0, 1, 2, 3, 6, 7]",1,True
24,2,5,"[0, 1, 2, 3, 4, 5, 6, 7]",3,True
24,3,2,[2],1,True
24,4,2,"[0, 1, 2, 3, 4, 6, 7]",2,True
24,5,2,"[0, 1, 2, 3, 6]",3,True
24,6,0,"[0, 1, 7]",2,True
24,7,7,"[2, 4, 5, 6, 7]",3,True
24,8,1,"[1, 2, 6]",3,True
24,9,0,"[0, 1, 2, 3, 4, 5, 6, 7]",1,True
24,10,7,"[6, 7]",1,True
24,11,2,"[0, 1, 2, 3]",1,True
24,12,1,"[0, 1, 2, 3]",2,True
24,13,2,"[2, 3, 6, 7]",2,True
24,14,3,"[0, 1, 2, 3, 5]",2,True
24,15,2,"[2, 3, 4, 5, 6, 7]",3,True
24,16,2,"[0, 1, 2, 3]",1,True
24,17,2,"[0, 1, 2, 3, 4, 6, 7]",3,True
24,18,4,"[2, 3, 4, 5, 6, 7]",3,True
24,19,2,"[2, 3]",1,True
24,20,4,"[4, 5]",1,True
24,21,3,"[0, 1, 2, 3]",1,True
24,22,2,"[0, 1, 2, 3]",2,True
24,23,2,"[2, 3]",1,True
24,24,2,"[2, 3]",2,True
24,25,2,[2],1,True
24,26,4,[4],1,True
24,27,2,"[0, 1, 2, 3, 4]",3,True
24,28,2,"[1, 2, 3, 4]",4,True
24,29,2,[2],1,True
24,30,0,[6],1,False
24,31,5,"[2, 3, 4, 5, 6, 7]",2,True
24,32,2,"[2, 5, 6]",3,True
24,33,3,"[2, 3, 6]",2,True
24,34,3,"[0, 1, 2, 3]",2,True
24,35,1,[7],1,False
24,36,3,"[2, 3]",1,True
24,37,2,"[0, 1, 2, 3]",2,True
24,38,4,"[2, 4, 5, 6, 7]",3,True
24,39,2,"[2, 3]",2,True
24,40,2,"[2, 3, 4, 5, 7]",3,True
24,41,5,[5],1,True
24,42,1,[1],1,True
24,43,2,"[2, 3]",2,True
24,44,2,[2],1,True
24,45,2,"[0, 2, 4]",3,True
24,46,2,"[0, 1, 2, 3, 6]",3,True
24,47,3,[3],1,True
24,48,2,[2],1,True
24,49,3,"[2, 3]",1,True
24,50,2,[2],1,True
24,51,2,"[0, 2, 3, 4]",4,True
24,52,2,"[2, 4, 5, 6, 7]",2,True
24,53,2,[7],1,False
24,54,2,[2],1,True
24,55,2,"[0, 1, 2, 3]",2,True
24,56,5,[5],1,True
24,57,3,"[3, 6, 7]",3,True
24,58,2,"[0, 2, 5]",3,True
24,59,6,"[6, 7]",1,True
24,60,2,"[2, 3]",1,True
24,61,1,[1],1,True
24,62,3,[3],1,True
24,63,2,[2],1,True
24,64,2,"[2, 3]",1,True
24,65,2,"[0, 2]",2,True
24,66,1,[1],1,True
24,67,1,"[4, 5]",2,False
24,68,2,"[2, 3]",2,True
24,69,4,[4],1,True
24,70,1,"[0, 1]",1,True
24,71,2,[2],1,True
24,72,4,"[4, 5]",2,True
24,73,2,[2],1,True
24,74,3,"[2, 3]",2,True
24,75,1,[1],1,True
24,76,6,"[4, 5]",2,False
24,77,2,"[2, 3, 6, 7]",2,True
24,78,2,"[0, 1, 2, 3]",1,True
24,79,2,"[2, 3]",1,True
24,80,2,[2],1,True
24,81,2,"[2, 3]",2,True
24,82,1,"[0, 1, 2, 3, 6, 7]",4,True
24,83,4,"[2, 3]",2,False
24,84,3,"[0, 1, 2, 3]",1,True
24,85,3,[3],1,True
24,86,1,"[0, 1, 4, 5]",4,True
24,87,3,[3],1,True
24,88,1,[1],1,True
24,89,2,"[1, 2, 6, 7]",3,True
24,90,5,"[2, 3, 5]",3,True
24,91,5,"[4, 5, 6, 7]",3,True
24,92,3,[3],1,True
24,93,2,[2],1,True
24,94,2,"[0, 1, 2, 3]",1,True
24,95,1,"[4, 5]",2,False
24,96,5,[5],1,True
24,97,3,"[0, 1, 3]",3,True
24,98,2,[2],1,True
24,99,2,[2],1,True
25,0,5,[5],1,True
25,1,4,"[4, 5, 6, 7]",1,True
25,2,3,"[2, 3]",1,True
25,3,5,[5],1,True
25,4,5,"[0, 4, 5, 6, 7]",3,True
25,5,5,"[0, 1, 4, 5, 6, 7]",3,True
25,6,1,"[0, 1, 5, 6, 7]",3,True
25,7,4,"[2, 4, 5, 7]",3,True
25,8,5,"[4, 5, 6, 7]",2,True
25,9,5,[5],1,True
25,10,0,"[0, 1]",1,True
25,11,0,"[0, 1, 2, 3]",2,True
25,12,1,"[0, 1, 2, 3, 4, 5, 6, 7]",3,True
25,13,5,[5],1,True
25,14,0,"[0, 4, 5, 6, 7]",2,True
25,15,0,[6],1,False
25,16,5,"[4, 5, 6, 7]",2,True
25,17,7,"[4, 5, 6, 7]",1,True
25,18,5,"[4, 5, 6, 7]",2,True
25,19,5,"[4, 5, 7]",3,True
25,20,2,[2],1,True
25,21,5,"[4, 5, 6, 7]",2,True
25,22,1,"[0, 1, 7]",2,True
25,23,5,[5],1,True
25,24,4,"[4, 5, 6, 7]",1,True
25,25,5,"[1, 4, 5]",3,True
25,26,4,"[3, 4, 5, 6, 7]",3,True
25,27,5,"[4, 5, 6, 7]",1,True
25,28,5,[5],1,True
25,29,6,"[2, 3, 4, 5, 6, 7]",1,True
25,30,5,"[5, 6, 7]",2,True
25,31,0,"[0, 1, 4, 5, 6, 7]",2,True
25,32,5,"[2, 4, 5, 6, 7]",2,True
25,33,0,"[0, 6, 7]",2,True
25,34,6,[6],1,True
25,35,5,[5],1,True
25,36,5,"[0, 1, 4, 5]",2,True
25,37,6,"[0, 1, 2, 3, 5, 6]",3,True
25,38,5,"[1, 4, 5, 6, 7]",3,True
25,39,6,"[6, 7]",2,True
25,40,5,[5],1,True
25,41,4,"[0, 1]",2,False
25,42,1,[1],1,True
25,43,3,"[4, 5]",2,False
25,44,1,"[0, 1, 2, 3]",2,True
25,45,6,[6],1,True
25,46,5,"[2, 3, 4, 5, 6, 7]",1,True
25,47,5,"[4, 5, 6, 7]",1,True
25,48,5,[5],1,True
25,49,5,[5],1,True
25,50,5,"[2, 3, 4, 5, 6, 7]",3,True
25,51,3,[3],1,True
25,52,4,"[4, 5, 6, 7]",2,True
25,53,3,[3],1,True
25,54,5,"[4, 5, 6, 7]",2,True
25,55,5,"[0, 1, 2, 3, 4, 5, 6, 7]",1,True
25,56,6,"[0, 1]",2,False
25,57,4,"[0, 1, 4]",3,True
25,58,6,[6],1,True
25,59,5,"[0, 1, 2, 3, 4, 5, 6, 7]",2,True
25,60,5,[5],1,True
25,61,5,"[0, 1, 4, 5]",3,True
25,62,5,"[2, 3, 5]",3,True
25,63,6,[6],1,True
25,64,5,[0],1,False
25,65,5,"[1, 4, 5]",2,True
25,66,5,[5],1,True
25,67,4,[4],1,True
25,68,6,[6],1,True
25,69,5,[5],1,True
25,70,6,[6],1,True
25,71,6,"[0, 1]",2,False
25,72,4,[4],1,True
25,73,5,[0],1,False
25,74,5,[5],1,True
25,75,2,[2],1,True
25,76,5,"[4, 5]",1,True
25,77,5,"[0, 1, 4, 5, 6, 7]",1,True
25,78,2,[2],1,True
25,79,4,[4],1,True
25,80,2,"[4, 5]",2,False
25,81,3,"[2, 3]",2,True
25,82,5,[5],1,True
25,83,5,"[4, 5]",2,True
25,84,4,[4],1,True
25,85,6,"[6, 7]",2,True
25,86,4,[4],1,True
25,87,5,"[4, 5, 6, 7]",1,True
25,88,5,"[4, 5]",1,True
25,89,4,"[2, 3]",2,False
25,90,5,"[0, 1, 4, 5, 6, 7]",2,True
25,91,5,[5],1,True
25,92,6,[6],1,True
25,93,5,"[4, 5, 6, 7]",1,True
25,94,4,"[2, 3]",2,False
25,95,6,[6],1,True
25,96,5,"[4, 5, 6, 7]",2,True
25,97,5,[5],1,True
25,98,5,"[4, 5, 6, 7]",1,True
25,99,3,"[2, 3]",1,True
26,0,2,"[0, 1, 2, 3]",2,True
26,1,2,[2],1,True
26,2,2,[2],1,True
26,3,4,"[2, 4, 5, 6, 7]",2,True
26,4,0,"[0, 1, 2, 3]",1,True
26,5,1,"[0, 1]",1,True
26,6,1,[1],1,True
26,7,2,"[0, 1, 2, 3]",2,True
26,8,2,"[2, 3]",2,True
26,9,2,[2],1,True
26,10,2,"[2, 3]",1,True
26,11,7,"[0, 1, 6, 7]",2,True
26,12,0,"[0, 1, 2, 3]",1,True
26,13,1,"[0, 1, 2, 3]",1,True
26,14,0,"[0, 1, 4, 5, 6, 7]",3,True
26,15,2,"[2, 3]",1,True
26,16,2,"[2, 3]",2,True
26,17,2,[2],1,True
26,18,2,"[2, 3, 5]",3,True
26,19,2,"[6, 7]",2,False
26,20,1,"[0, 1, 2, 3, 7]",3,True
26,21,2,"[0, 1, 2, 3, 7]",3,True
26,22,1,"[0, 1, 2, 3]",1,True
26,23,0,[0],1,True
26,24,4,"[4, 5]",1,True
26,25,2,[2],1,True
26,26,2,[2],1,True
26,27,2,"[0, 1, 2, 3]",2,True
26,28,5,"[4, 5]",2,True
26,29,0,"[0, 1]",1,True
26,30,2,[2],1,True
26,31,1,"[0, 1, 2, 3, 6]",2,True
26,32,0,[2],1,False
26,33,1,"[0, 1]",1,True
26,34,2,[2],1,True
26,35,2,"[2, 3]",1,True
26,36,2,"[1, 2]",2,True
26,37,3,"[0, 1, 2, 3]",1,True
26,38,0,"[0, 5]",2,True
26,39,1,"[0, 1, 2, 3]",1,True
26,40,6,"[6, 7]",1,True
26,41,2,[2],1,True
26,42,2,"[2, 3]",1,True
26,43,2,"[2, 3]",1,True
26,44,2,"[0, 1, 2, 3]",2,True
26,45,3,[3],1,True
26,46,6,[6],1,True
26,47,2,"[2, 3]",1,True
26,48,6,"[2, 3]",2,False
26,49,5,"[0, 1, 2, 3]",4,False
26,50,1,[1],1,True
26,51,2,"[0, 1, 2, 3, 4, 5]",1,True
26,52,3,[3],1,True
26,53,2,[2],1,True
26,54,2,"[0, 1, 2, 3]",1,True
26,55,2,"[0, 1, 2, 3, 7]",2,True
26,56,2,[2],1,True
26,57,2,"[0, 1, 2, 3, 4, 5, 6, 7]",4,True
26,58,2,[2],1,True
26,59,2,"[0, 1, 2, 3]",2,True
26,60,3,"[0, 1, 2, 3, 6, 7]",3,True
26,61,5,[5],1,True
26,62,2,"[0, 1, 2, 3, 6, 7]",2,True
26,63,3,[3],1,True
26,64,3,"[4, 5]",2,False
26,65,1,"[0, 1]",2,True
26,66,2,"[0, 1, 2, 3, 6, 7]",1,True
26,67,2,"[2, 3]",1,True
26,68,2,[2],1,True
26,69,5,"[0, 1, 2, 3]",4,False
26,70,2,[2],1,True
26,71,1,[1],1,True
26,72,3,[3],1,True
26,73,1,[1],1,True
26,74,2,"[0, 1, 2, 3]",1,True
26,75,2,"[1, 2, 3, 7]",3,True
26,76,5,"[2, 3, 4, 5, 6, 7]",3,True
26,77,3,[3],1,True
26,78,2,[2],1,True
26,79,6,[6],1,True
26,80,2,[2],1,True
26,81,1,"[4, 5]",2,False
26,82,1,[1],1,True
26,83,3,"[0, 1, 2, 3]",2,True
26,84,6,[6],1,True
26,85,1,"[6, 7]",2,False
26,86,3,[3],1,True
26,87,6,[6],1,True
26,88,2,[2],1,True
26,89,1,[1],1,True
26,90,2,"[2, 3]",2,True
26,91,2,[2],1,True
26,92,1,[1],1,True
26,93,2,"[2, 3]",1,True
26,94,2,"[0, 1, 2, 3]",1,True
26,95,2,[2],1,True
26,96,1,"[0, 1]",1,True
26,97,2,"[2, 5]",2,True
26,98,3,[3],1,True
26,99,2,"[0, 1, 2, 3, 4, 5, 7]",3,True
27,0,2,"[0, 1, 2, 3]",1,True
27,1,4,"[2, 3, 4, 5, 6, 7]",2,True
27,2,3,[3],1,True
27,3,3,"[3, 4, 5, 6, 7]",2,True
27,4,3,[3],1,True
27,5,3,"[0, 1, 2, 3]",1,True
27,6,3,"[0, 1, 2, 3]",1,True
27,7,2,"[0, 1, 2, 3]",1,True
27,8,3,"[2, 3]",1,True
27,9,3,"[2, 3]",1,True
27,10,1,"[0, 1, 2, 3]",1,True
27,11,3,[3],1,True
27,12,3,[3],1,True
27,13,2,"[0, 1, 2, 3, 4, 6, 7]",6,True
27,14,2,"[2, 3]",1,True
27,15,3,[3],1,True
27,16,3,"[0, 1, 2, 3]",2,True
27,17,0,"[0, 1, 2, 3]",2,True
27,18,3,"[0, 3]",2,True
27,19,2,"[0, 1, 2, 3, 5]",2,True
27,20,1,"[0, 1, 2, 3]",2,True
27,21,2,"[0, 1, 2, 3, 7]",4,True
27,22,3,"[0, 1, 2, 3]",1,True
27,23,3,"[2, 3, 4]",2,True
27,24,3,"[2, 3]",1,True
27,25,6,[6],1,True
27,26,3,"[4, 5]",1,False
27,27,2,"[0, 1, 2, 3, 4, 5]",2,True
27,28,3,"[0, 1, 2, 3]",2,True
27,29,3,"[2, 3]",1,True
27,30,0,"[0, 1, 2, 3]",1,True
27,31,0,"[0, 1, 2, 3]",2,True
27,32,4,[4],1,True
27,33,4,"[2, 3, 4, 5]",2,True
27,34,2,"[0, 1, 2, 3]",2,True
27,35,3,"[2, 3]",2,True
27,36,5,[5],1,True
27,37,5,"[0, 1, 4, 5, 6, 7]",3,True
27,38,2,[2],1,True
27,39,3,"[2, 3]",1,True
27,40,1,[1],1,True
27,41,3,"[2, 3]",1,True
27,42,4,[4],1,True
27,43,3,[3],1,True
27,44,3,[3],1,True
27,45,3,"[2, 3]",1,True
27,46,5,"[4, 5, 6, 7]",1,True
27,47,2,"[0, 1, 2, 3]",1,True
27,48,3,"[0, 1, 2, 3, 4, 5]",2,True
27,49,4,[4],1,True
27,50,3,"[0, 1, 2, 3]",2,True
27,51,2,"[0, 1]",2,False
27,52,3,"[0, 1, 2, 3]",2,True
27,53,1,[1],1,True
27,54,6,[6],1,True
27,55,3,[3],1,True
27,56,3,"[0, 1, 2, 3, 4, 5, 6, 7]",4,True
27,57,4,"[2, 3]",2,False
27,58,1,"[0, 1]",2,True
27,59,3,"[0, 1, 2, 3]",2,True
27,60,2,[2],1,True
27,61,2,"[2, 3]",1,True
27,62,3,"[0, 1, 2, 3]",2,True
27,63,1,"[0, 1]",1,True
27,64,3,"[0, 1, 2, 3, 7]",2,True
27,65,2,"[0, 1, 2, 3]",4,True
27,66,3,[3],1,True
27,67,1,"[0, 1]",1,True
27,68,3,"[2, 3]",1,True
27,69,3,"[0, 1, 2, 3, 5]",2,True
27,70,4,"[4, 5, 6, 7]",1,True
27,71,3,[3],1,True
27,72,3,[3],1,True
27,73,5,[5],1,True
27,74,2,[2],1,True
27,75,3,[3],1,True
27,76,3,"[0, 1, 2, 3, 4, 5, 6, 7]",2,True
27,77,2,"[0, 1, 2, 3, 6, 7]",3,True
27,78,1,"[0, 1, 4, 5]",4,True
27,79,5,[5],1,True
27,80,3,"[2, 3]",2,True
27,81,2,"[0, 1, 2, 3, 4, 5]",4,True
27,82,2,"[0, 1, 2, 3]",2,True
27,83,1,[1],1,True
27,84,3,"[2, 3]",2,True
27,85,3,[3],1,True
27,86,3,"[2, 3]",1,True
27,87,3,"[2, 3]",2,True
27,88,3,[3],1,True
27,89,2,"[0, 1, 2, 3, 4, 5]",5,True
27,90,3,"[2, 3, 5, 6, 7]",2,True
27,91,1,"[1, 4, 5]",3,True
27,92,1,"[1, 4, 5, 6, 7]",5,True
27,93,3,"[2, 3]",1,True
27,94,4,[4],1,True
27,95,3,"[2, 3, 4, 5, 6]",2,True
27,96,6,[6],1,True
27,97,1,"[0, 1, 2, 3]",2,True
27,98,3,"[0, 1, 2, 3]",2,True
27,99,3,[3],1,True
28,0,4,[4],1,True
28,1,4,"[4, 5, 6, 7]",1,True
28,2,4,"[0, 1, 2, 3, 4, 5, 6, 7]",3,True
28,3,6,"[3, 4, 5, 6, 7]",3,True
28,4,4,[4],1,True
28,5,2,"[2, 4]",2,True
28,6,4,"[0, 2, 4, 5]",3,True
28,7,7,"[4, 5, 7]",2,True
28,8,4,"[4, 5, 6, 7]",2,True
28,9,4,[2],1,False
28,10,4,[4],1,True
28,11,3,"[1, 3, 4, 5]",3,True
28,12,4,[4],1,True
28,13,5,"[5, 6, 7]",2,True
28,14,5,"[1, 2, 3, 4, 5, 6, 7]",3,True
28,15,0,"[0, 1, 2, 3]",1,True
28,16,4,"[1, 4, 5]",3,True
28,17,7,"[4, 5, 6, 7]",1,True
28,18,4,[4],1,True
28,19,4,[4],1,True
28,20,5,[0],1,False
28,21,5,"[4, 5]",1,True
28,22,4,"[1, 4, 5, 6, 7]",2,True
28,23,4,[4],1,True
28,24,5,"[4, 5]",1,True
28,25,4,"[4, 5, 6, 7]",1,True
28,26,3,"[1, 3, 6]",3,True
28,27,4,[4],1,True
28,28,5,"[0, 2, 3, 4, 5, 6, 7]",3,True
28,29,4,"[0, 1, 4, 5]",1,True
28,30,4,"[0, 1, 2, 3, 4, 5]",2,True
28,31,4,[4],1,True
28,32,1,"[0, 1, 3, 4]",3,True
28,33,6,"[0, 1, 4, 5, 6, 7]",4,True
28,34,6,"[0, 4, 5, 6, 7]",2,True
28,35,0,"[0, 1]",1,True
28,36,4,"[4, 5]",1,True
28,37,5,"[4, 5]",1,True
28,38,7,"[6, 7]",2,True
28,39,5,"[3, 4, 5]",2,True
28,40,4,"[1, 4, 5, 6, 7]",2,True
28,41,3,"[3, 4, 5]",3,True
28,42,3,[3],1,True
28,43,4,[4],1,True
28,44,6,"[4, 5, 6, 7]",1,True
28,45,4,"[2, 4]",2,True
28,46,4,"[0, 1, 4, 5]",1,True
28,47,2,[2],1,True
28,48,5,"[4, 5, 6, 7]",2,True
28,49,4,"[4, 5, 6, 7]",2,True
28,50,4,"[4, 5, 6, 7]",1,True
28,51,4,[4],1,True
28,52,4,"[4, 5]",1,True
28,53,4,"[4, 5]",2,True
28,54,4,"[0, 1, 4, 7]",3,True
28,55,3,"[6, 7]",2,False
28,56,4,"[4, 5]",2,True
28,57,4,[4],1,True
28,58,6,[6],1,True
28,59,5,"[0, 1, 4, 5, 6, 7]",3,True
28,60,4,"[4, 5, 6, 7]",2,True
28,61,5,[5],1,True
28,62,5,"[4, 5]",1,True
28,63,6,"[2, 3]",2,False
28,64,5,[5],1,True
28,65,5,"[4, 5, 6, 7]",4,True
28,66,1,"[0, 1, 2, 3]",4,True
28,67,4,"[4, 5, 6, 7]",1,True
28,68,4,"[1, 4, 5]",2,True
28,69,4,"[4, 5, 6, 7]",2,True
28,70,4,"[4, 5, 6, 7]",2,True
28,71,6,[6],1,True
28,72,3,[3],1,True
28,73,5,"[4, 5]",2,True
28,74,2,"[6, 7]",2,False
28,75,5,"[6, 7]",2,False
28,76,5,[5],1,True
28,77,6,"[0, 1, 2, 3]",4,False
28,78,4,[4],1,True
28,79,4,[4],1,True
28,80,4,"[1, 4, 5]",3,True
28,81,4,"[0, 4, 5]",3,True
28,82,6,"[2, 3, 6, 7]",3,True
28,83,2,[2],1,True
28,84,4,"[0, 1, 3, 4, 5, 6, 7]",3,True
28,85,4,"[4, 5]",1,True
28,86,4,[4],1,True
28,87,4,"[4, 5]",1,True
28,88,4,"[4, 5]",2,True
28,89,6,[6],1,True
28,90,4,"[1, 4, 5]",3,True
28,91,6,[6],1,True
28,92,3,[3],1,True
28,93,6,[6],1,True
28,94,6,[6],1,True
28,95,4,"[0, 4, 5, 6, 7]",3,True
28,96,4,"[4, 5]",1,True
28,97,4,"[4, 5, 6]",2,True
28,98,5,[5],1,True
28,99,3,[3],1,True
29,0,4,"[4, 5, 6, 7]",2,True
29,1,7,[7],1,True
29,2,7,[7],1,True
29,3,4,"[4, 5]",1,True
29,4,4,"[4, 5]",1,True
29,5,5,"[4, 5, 6, 7]",1,True
29,6,4,"[4, 5]",2,True
29,7,5,"[4, 5]",1,True
29,8,4,"[0, 2, 3, 4, 5, 6, 7]",4,True
29,9,4,[4],1,True
29,10,5,"[4, 5]",2,True
29,11,5,"[0, 1, 4, 5]",4,True
29,12,6,"[0, 1, 4, 5, 6, 7]",3,True
29,13,4,[4],1,True
29,14,4,"[0, 1, 2, 3]",1,False
29,15,4,"[2, 4, 5]",2,True
29,16,4,"[4, 5]",1,True
29,17,5,"[4, 5, 6, 7]",1,True
29,18,7,"[0, 1, 2, 3, 4, 5, 6, 7]",1,True
29,19,4,"[4, 5]",1,True
29,20,4,[4],1,True
29,21,1,"[0, 1, 3, 4, 5]",3,True
29,22,4,"[4, 5, 6, 7]",1,True
29,23,4,"[4, 5]",1,True
29,24,5,"[4, 5, 6, 7]",2,True
29,25,4,"[3, 4, 5]",3,True
29,26,6,"[3, 4, 5, 6, 7]",2,True
29,27,5,"[4, 5, 6, 7]",1,True
29,28,4,"[4, 5, 6, 7]",1,True
29,29,5,"[1, 4, 5, 6, 7]",3,True
29,30,2,[2],1,True
29,31,4,"[1, 4, 5, 6, 7]",3,True
29,32,4,[3],1,False
29,33,4,"[4, 5, 6, 7]",1,True
29,34,7,"[4, 5, 6, 7]",1,True
29,35,2,"[5, 6]",2,False
29,36,6,"[4, 5, 6, 7]",1,True
29,37,4,"[4, 5, 6, 7]",2,True
29,38,2,[2],1,True
29,39,5,"[2, 5]",2,True
29,40,4,"[4, 5]",1,True
29,41,4,[4],1,True
29,42,4,"[4, 5, 6, 7]",1,True
29,43,5,[5],1,True
29,44,5,[5],1,True
29,45,4,"[2, 4]",2,True
29,46,4,[4],1,True
29,47,5,"[2, 3, 4, 5, 6, 7]",6,True
29,48,6,"[0, 1, 4, 5, 6, 7]",6,True
29,49,4,[4],1,True
29,50,4,"[4, 5, 6, 7]",1,True
29,51,5,"[4, 5, 6, 7]",4,True
29,52,6,[6],1,True
29,53,5,[5],1,True
29,54,6,[6],1,True
29,55,3,[3],1,True
29,56,4,"[0, 4, 5, 6, 7]",3,True
29,57,4,"[4, 5, 6, 7]",2,True
29,58,4,"[0, 4, 5, 6, 7]",2,True
29,59,4,"[4, 5, 6, 7]",1,True
29,60,4,[4],1,True
29,61,6,"[4, 5, 6]",3,True
29,62,4,[4],1,True
29,63,4,"[2, 4, 5, 6, 7]",3,True
29,64,2,"[0, 1, 2]",3,True
29,65,2,"[4, 5]",2,False
29,66,4,[4],1,True
29,67,6,[6],1,True
29,68,2,"[0, 1, 2, 3, 4, 5, 6, 7]",6,True
29,69,4,"[2, 4, 5, 6, 7]",2,True
29,70,2,"[2, 6, 7]",3,True
29,71,4,[4],1,True
29,72,4,"[4, 5, 6, 7]",1,True
29,73,5,[5],1,True
29,74,4,[4],1,True
29,75,6,"[0, 1, 2, 3, 4, 5, 6, 7]",7,True
29,76,4,[4],1,True
29,77,5,"[2, 3, 4, 5]",3,True
29,78,4,"[0, 1, 2, 3, 4, 7]",3,True
29,79,4,"[1, 2, 3, 4, 5]",5,True
29,80,5,[5],1,True
29,81,4,[4],1,True
29,82,6,[6],1,True
29,83,1,"[0, 1, 2, 3]",2,True
29,84,4,[4],1,True
29,85,1,[1],1,True
29,86,1,[1],1,True
29,87,5,"[0, 1, 2, 3]",4,False
29,88,6,[6],1,True
29,89,4,[4],1,True
29,90,4,"[4, 5, 6, 7]",1,True
29,91,5,[5],1,True
29,92,6,[6],1,True
29,93,6,"[0, 1, 4, 5, 6, 7]",4,True
29,94,4,"[4, 5, 6, 7]",2,True
29,95,3,[3],1,True
29,96,4,[4],1,True
29,97,4,[4],1,True
29,98,4,[4],1,True
29,99,3,"[4, 5]",2,False
3,0,4,"[4, 5, 7]",2,True
3,1,4,"[4, 7]",2,True
3,2,4,"[0, 1]",1,False
3,3,4,"[4, 5, 7]",3,True
3,4,4,[4],1,True
3,5,4,"[4, 5]",2,True
3,6,4,"[4, 5]",1,True
3,7,4,"[4, 5]",1,True
3,8,4,"[4, 5]",1,True
3,9,7,"[0, 1, 4, 7]",4,True
3,10,5,"[4, 5]",1,True
3,11,4,"[4, 5]",1,True
3,12,3,"[0, 1, 2, 3, 4, 5]",1,True
3,13,6,"[3, 4, 6, 7]",4,True
3,14,2,"[0, 1, 2, 3, 4, 5, 6, 7]",2,True
3,15,7,"[1, 4, 5, 6, 7]",2,True
3,16,5,"[0, 1, 2, 3, 4, 5, 6, 7]",2,True
3,17,4,[4],1,True
3,18,2,"[2, 3]",1,True
3,19,7,[3],1,False
3,20,4,"[4, 5, 6, 7]",1,True
3,21,4,"[0, 4]",2,True
3,22,4,"[0, 1, 2, 3, 4, 5, 6, 7]",2,True
3,23,4,"[2, 3, 4, 5, 6, 7]",2,True
3,24,0,"[0, 1, 2, 3]",1,True
3,25,4,"[4, 5, 6, 7]",2,True
3,26,6,"[4, 5, 6, 7]",1,True
3,27,5,[5],1,True
3,28,4,[3],1,False
3,29,5,"[0, 4, 5, 6, 7]",4,True
3,30,4,"[4, 5]",1,True
3,31,5,"[4, 5, 6, 7]",1,True
3,32,1,"[0, 1]",1,True
3,33,0,"[0, 1, 4]",3,True
3,34,4,"[4, 5, 6, 7]",2,True
3,35,5,[5],1,True
3,36,7,"[0, 4, 5, 6, 7]",2,True
3,37,4,"[4, 5]",2,True
3,38,6,"[4, 5, 6, 7]",1,True
3,39,6,"[4, 5, 6, 7]",1,True
3,40,5,[5],1,True
3,41,4,"[0, 4]",2,True
3,42,2,[2],1,True
3,43,4,[4],1,True
3,44,5,[5],1,True
3,45,4,"[4, 5, 6, 7]",1,True
3,46,4,"[2, 3, 4, 5]",2,True
3,47,4,"[4, 5]",1,True
3,48,6,"[6, 7]",2,True
3,49,4,"[0, 1, 4, 5]",1,True
3,50,5,[5],1,True
3,51,4,"[4, 5]",1,True
3,52,1,[1],1,True
3,53,1,[1],1,True
3,54,4,"[4, 5, 6, 7]",1,True
3,55,4,"[4, 5]",1,True
3,56,6,"[0, 1, 4, 5, 6, 7]",4,True
3,57,4,"[0, 1, 2, 3, 4, 5, 6, 7]",2,True
3,58,5,[5],1,True
3,59,4,"[4, 5, 6, 7]",3,True
3,60,1,"[0, 1]",1,True
3,61,5,[5],1,True
3,62,6,"[0, 1, 4, 5, 6, 7]",6,True
3,63,5,"[5, 6, 7]",3,True
3,64,4,"[4, 5, 6, 7]",3,True
3,65,2,[2],1,True
3,66,6,"[4, 5, 6, 7]",2,True
3,67,4,"[0, 4, 5]",2,True
3,68,6,"[6, 7]",1,True
3,69,4,"[4, 5]",1,True
3,70,5,"[0, 1, 5]",3,True
3,71,4,[4],1,True
3,72,6,"[0, 1, 2, 3]",4,False
3,73,2,[2],1,True
3,74,4,"[4, 5, 6]",3,True
3,75,4,[4],1,True
3,76,4,"[2, 3, 4]",2,True
3,77,4,"[0, 1, 3, 4, 5, 6, 7]",4,True
3,78,4,"[4, 5, 6, 7]",2,True
3,79,4,"[4, 5]",2,True
3,80,6,[6],1,True
3,81,5,[5],1,True
3,82,4,"[4, 5, 6, 7]",1,True
3,83,5,[5],1,True
3,84,6,[6],1,True
3,85,4,[4],1,True
3,86,5,"[4, 5]",1,True
3,87,4,[4],1,True
3,88,1,"[0, 1, 2, 3]",2,True
3,89,4,"[4, 5]",1,True
3,90,4,[4],1,True
3,91,4,"[4, 5, 6, 7]",1,True
3,92,3,"[6, 7]",2,False
3,93,4,"[4, 5, 6, 7]",2,True
3,94,6,[6],1,True
3,95,3,"[2, 3]",1,True
3,96,2,[2],1,True
3,97,6,[6],1,True
3,98,4,"[4, 5, 6, 7]",1,True
3,99,4,[4],1,True
30,0,0,[0],1,True
30,1,5,[5],1,True
30,2,1,[1],1,True
30,3,5,"[4, 5, 6, 7]",2,True
30,4,5,"[2, 3, 4, 5, 6, 7]",4,True
30,5,5,[5],1,True
30,6,5,"[1, 4, 5]",3,True
30,7,4,[4],1,True
30,8,7,"[0, 1, 4, 5, 6, 7]",2,True
30,9,4,"[4, 5, 6, 7]",2,True
30,10,4,"[4, 5, 6, 7]",1,True
30,11,2,"[0, 1, 2, 3]",1,True
30,12,4,"[0, 4, 5, 6, 7]",3,True
30,13,7,"[5, 7]",2,True
30,14,5,[5],1,True
30,15,2,"[0, 1, 2, 3]",1,True
30,16,5,"[0, 5]",2,True
30,17,5,"[4, 5, 6, 7]",2,True
30,18,5,[5],1,True
30,19,5,"[1, 4, 5]",3,True
30,20,4,"[4, 5, 6, 7]",2,True
30,21,6,[1],1,False
30,22,5,"[4, 5]",2,True
30,23,4,"[4, 5, 6, 7]",2,True
30,24,7,[5],1,False
30,25,5,"[2, 4, 5]",3,True
30,26,5,"[0, 1, 2, 3, 4, 5, 6, 7]",2,True
30,27,4,"[3, 4, 5, 6, 7]",2,True
30,28,4,"[0, 1, 4, 5, 6, 7]",2,True
30,29,4,"[0, 1, 2, 3, 4, 5, 6, 7]",2,True
30,30,4,"[4, 5, 6, 7]",1,True
30,31,2,[2],1,True
30,32,5,"[2, 3, 4, 5, 6, 7]",3,True
30,33,5,[5],1,True
30,34,5,"[4, 5]",2,True
30,35,5,"[0, 3, 4, 5]",3,True
30,36,5,"[4, 5, 6, 7]",2,True
30,37,5,"[4, 5, 6, 7]",1,True
30,38,5,"[3, 4, 5, 6, 7]",3,True
30,39,4,"[4, 5]",1,True
30,40,5,"[0, 1, 5, 7]",3,True
30,41,1,[1],1,True
30,42,5,"[4, 5, 6, 7]",1,True
30,43,4,[4],1,True
30,44,5,[5],1,True
30,45,4,"[4, 5]",1,True
30,46,6,[6],1,True
30,47,5,"[4, 5]",1,True
30,48,5,[5],1,True
30,49,4,"[2, 3]",2,False
30,50,6,"[0, 1]",2,False
30,51,5,[5],1,True
30,52,6,"[4, 5, 6]",3,True
30,53,5,[5],1,True
30,54,5,"[3, 5, 6]",3,True
30,55,1,[1],1,True
30,56,2,[2],1,True
30,57,3,[3],1,True
30,58,5,"[0, 4, 5, 6, 7]",3,True
30,59,5,"[4, 5, 6, 7]",1,True
30,60,4,[4],1,True
30,61,5,"[0, 1, 2, 3, 5]",2,True
30,62,3,[3],1,True
30,63,1,"[1, 6, 7]",3,True
30,64,5,[1],1,False
30,65,3,[3],1,True
30,66,5,"[4, 5, 6, 7]",1,True
30,67,5,"[4, 5]",1,True
30,68,5,"[0, 1, 5]",2,True
30,69,2,[2],1,True
30,70,6,[6],1,True
30,71,5,"[2, 4, 5]",2,True
30,72,1,[1],1,True
30,73,5,"[2, 3, 4, 5]",1,True
30,74,4,[4],1,True
30,75,6,"[4, 5, 6, 7]",1,True
30,76,5,"[4, 5]",2,True
30,77,6,[6],1,True
30,78,5,"[4, 5, 7]",3,True
30,79,4,"[4, 5]",1,True
30,80,5,[5],1,True
30,81,4,[4],1,True
30,82,5,"[2, 3]",1,False
30,83,6,"[0, 1, 6, 7]",4,True
30,84,3,[3],1,True
30,85,5,"[4, 5, 6, 7]",1,True
30,86,5,"[4, 5, 6, 7]",2,True
30,87,5,"[4, 5, 6, 7]",1,True
30,88,6,"[0, 1, 6, 7]",3,True
30,89,5,[5],1,True
30,90,5,"[5, 6, 7]",2,True
30,91,4,[4],1,True
30,92,5,"[4, 5, 6, 7]",2,True
30,93,6,"[2, 3]",2,False
30,94,5,[5],1,True
30,95,6,[6],1,True
30,96,4,"[0, 1, 2, 3]",4,False
30,97,5,[5],1,True
30,98,5,"[4, 5]",1,True
30,99,4,"[2, 3, 4]",3,True
4,0,2,"[0, 1, 2, 3, 5, 6, 7]",3,True
4,1,0,"[0, 1, 2, 3, 4, 5, 6, 7]",5,True
4,2,2,"[0, 1, 2, 3]",2,True
4,3,7,"[2, 3, 6, 7]",1,True
4,4,1,"[0, 1, 2, 3]",1,True
4,5,1,[1],1,True
4,6,2,"[0, 2, 3]",2,True
4,7,2,"[4, 5]",1,False
4,8,5,[5],1,True
4,9,2,[2],1,True
4,10,2,"[2, 3]",1,True
4,11,2,"[0, 1, 2, 3]",1,True
4,12,0,"[0, 1]",1,True
4,13,3,"[0, 1, 2, 3]",1,True
4,14,3,"[0, 1, 2, 3, 4, 5, 7]",4,True
4,15,2,"[0, 1, 2, 3]",1,True
4,16,7,"[6, 7]",2,True
4,17,4,"[4, 5]",1,True
4,18,1,"[0, 1, 2, 3, 4, 5, 6, 7]",3,True
4,19,2,"[0, 1, 2, 3, 4, 5]",1,True
4,20,2,"[2, 7]",2,True
4,21,7,"[0, 1, 2, 3, 4, 5, 6, 7]",5,True
4,22,5,[5],1,True
4,23,3,"[0, 1, 2, 3, 4, 5]",1,True
4,24,2,"[0, 1, 2, 3]",1,True
4,25,2,"[2, 3]",2,True
4,26,6,"[0, 2, 4, 5, 6, 7]",3,True
4,27,2,"[0, 1, 2, 3, 5]",3,True
4,28,1,"[0, 1]",1,True
4,29,2,"[0, 1, 2, 3, 6, 7]",1,True
4,30,2,[2],1,True
4,31,4,"[1, 2, 4, 5, 6, 7]",4,True
4,32,3,"[2, 3]",1,True
4,33,2,"[2, 3]",1,True
4,34,2,[0],1,False
4,35,2,[2],1,True
4,36,2,"[2, 3]",2,True
4,37,3,"[2, 3]",2,True
4,38,2,[2],1,True
4,39,0,"[0, 1]",1,True
4,40,5,[5],1,True
4,41,2,"[0, 1, 2, 3]",2,True
4,42,3,[3],1,True
4,43,1,"[0, 1, 2, 3]",1,True
4,44,2,[2],1,True
4,45,2,[2],1,True
4,46,3,"[0, 1, 2, 3]",4,True
4,47,2,"[0, 1, 2, 3]",1,True
4,48,2,"[2, 3, 4, 5, 6, 7]",1,True
4,49,2,"[0, 1, 2, 3]",1,True
4,50,3,[3],1,True
4,51,2,[2],1,True
4,52,5,"[4, 5]",2,True
4,53,2,"[2, 6, 7]",2,True
4,54,2,"[2, 3, 5]",2,True
4,55,2,[2],1,True
4,56,2,"[0, 1, 2, 3]",1,True
4,57,2,"[2, 3]",1,True
4,58,2,"[2, 3]",2,True
4,59,5,"[0, 1, 4, 5, 6, 7]",4,True
4,60,2,"[2, 3]",1,True
4,61,2,[2],1,True
4,62,1,[1],1,True
4,63,1,[1],1,True
4,64,1,[1],1,True
4,65,2,[2],1,True
4,66,3,[3],1,True
4,67,2,"[0, 1, 2, 3]",1,True
4,68,2,"[0, 1, 2, 3, 4]",2,True
4,69,3,"[3, 4, 5]",3,True
4,70,2,"[2, 6]",2,True
4,71,5,"[0, 1]",2,False
4,72,1,[1],1,True
4,73,4,"[2, 3, 4, 5]",3,True
4,74,3,[3],1,True
4,75,2,[2],1,True
4,76,1,[1],1,True
4,77,5,"[4, 5, 6, 7]",3,True
4,78,2,"[2, 3]",1,True
4,79,2,[2],1,True
4,80,2,"[0, 1, 2, 3, 5]",3,True
4,81,6,[6],1,True
4,82,3,[3],1,True
4,83,2,"[0, 1, 2, 3]",1,True
4,84,1,"[0, 1, 2, 3, 6, 7]",6,True
4,85,2,"[0, 1, 2, 3, 6]",3,True
4,86,3,"[4, 5]",2,False
4,87,2,[2],1,True
4,88,2,"[2, 3]",1,True
4,89,2,[2],1,True
4,90,3,[3],1,True
4,91,4,"[4, 5, 6, 7]",1,True
4,92,2,[2],1,True
4,93,5,[5],1,True
4,94,3,[3],1,True
4,95,2,"[0, 1, 2, 3, 4, 5]",2,True
4,96,1,"[0, 1, 2, 3, 6, 7]",2,True
4,97,6,[6],1,True
4,98,1,[1],1,True
4,99,1,"[0, 1, 4, 5]",3,True
5,0,1,"[0, 1, 2, 4, 5, 6, 7]",7,True
5,1,4,"[4, 5]",1,True
5,2,6,"[4, 5, 6, 7]",1,True
5,3,0,"[0, 1, 2, 3, 4, 5, 6, 7]",4,True
5,4,6,"[6, 7]",2,True
5,5,4,"[4, 5]",1,True
5,6,4,"[1, 4, 5]",2,True
5,7,4,[4],1,True
5,8,6,"[0, 1, 2, 3, 4, 5, 6, 7]",4,True
5,9,4,[4],1,True
5,10,4,[1],1,False
5,11,5,"[0, 1, 2, 3, 4, 5, 6, 7]",3,True
5,12,4,[4],1,True
5,13,4,"[4, 5, 6, 7]",1,True
5,14,4,[4],1,True
5,15,1,"[6, 7]",1,False
5,16,4,"[4, 5]",1,True
5,17,4,"[0, 1]",1,False
5,18,7,"[4, 5, 6, 7]",1,True
5,19,2,[0],1,False
5,20,4,[4],1,True
5,21,7,"[0, 1, 4, 5, 6, 7]",1,True
5,22,7,"[6, 7]",1,True
5,23,5,"[4, 5, 6, 7]",1,True
5,24,4,[4],1,True
5,25,1,"[0, 1, 2, 3]",1,True
5,26,4,"[4, 5]",1,True
5,27,5,"[4, 5]",1,True
5,28,2,[4],1,False
5,29,5,"[1, 4, 5, 6, 7]",3,True
5,30,5,"[4, 5, 6, 7]",1,True
5,31,4,[4],1,True
5,32,4,"[4, 5]",1,True
5,33,4,[4],1,True
5,34,4,[4],1,True
5,35,4,"[4, 5, 6, 7]",1,True
5,36,4,"[0, 2, 3, 4, 5, 6, 7]",3,True
5,37,6,"[2, 3, 4, 5, 6, 7]",1,True
5,38,7,[7],1,True
5,39,7,[7],1,True
5,40,6,[6],1,True
5,41,2,"[4, 5, 6, 7]",4,False
5,42,4,"[4, 5]",1,True
5,43,5,[5],1,True
5,44,4,"[0, 1, 4, 5, 6, 7]",5,True
5,45,4,"[4, 5, 6, 7]",1,True
5,46,4,[4],1,True
5,47,6,[6],1,True
5,48,4,"[3, 4, 5]",2,True
5,49,4,"[4, 5]",1,True
5,50,4,"[4, 5, 7]",3,True
5,51,4,"[0, 1, 2, 3, 4, 5, 6, 7]",3,True
5,52,4,"[4, 5, 6, 7]",3,True
5,53,6,"[4, 5, 6, 7]",2,True
5,54,4,"[0, 1, 3, 4]",3,True
5,55,4,"[4, 5]",2,True
5,56,2,[2],1,True
5,57,5,[5],1,True
5,58,1,"[0, 1, 2, 3]",4,True
5,59,4,"[4, 5, 6, 7]",1,True
5,60,4,[4],1,True
5,61,5,[5],1,True
5,62,5,[5],1,True
5,63,4,"[4, 5]",1,True
5,64,4,"[1, 4, 5, 7]",4,True
5,65,4,[4],1,True
5,66,6,"[0, 1, 4, 5, 6, 7]",6,True
5,67,4,[4],1,True
5,68,4,"[2, 3, 4, 5, 6, 7]",3,True
5,69,2,[2],1,True
5,70,6,"[0, 1]",2,False
5,71,1,"[0, 1]",2,True
5,72,4,[4],1,True
5,73,3,[3],1,True
5,74,4,"[4, 5]",1,True
5,75,6,"[2, 3, 6]",3,True
5,76,4,"[4, 5, 6, 7]",4,True
5,77,4,"[2, 4, 5, 6, 7]",3,True
5,78,4,"[2, 3, 4]",2,True
5,79,5,[5],1,True
5,80,4,[2],1,False
5,81,5,"[2, 3, 5]",3,True
5,82,6,[6],1,True
5,83,5,"[2, 3, 5]",3,True
5,84,2,[2],1,True
5,85,5,[5],1,True
5,86,2,[2],1,True
5,87,6,"[6, 7]",1,True
5,88,2,[2],1,True
5,89,6,"[2, 3, 6]",3,True
5,90,4,"[0, 4, 5]",2,True
5,91,4,"[4, 5]",2,True
5,92,5,"[2, 3, 4, 5, 6, 7]",5,True
5,93,4,"[0, 4, 5]",2,True
5,94,4,"[0, 1]",1,False
5,95,5,[5],1,True
5,96,4,"[4, 5, 6, 7]",1,True
5,97,3,[3],1,True
5,98,4,[4],1,True
5,99,6,[6],1,True
7,0,5,"[2, 4, 5, 6, 7]",3,True
7,1,5,"[0, 4, 5]",2,True
7,2,5,"[0, 3]",2,False
7,3,4,"[4, 5, 6, 7]",2,True
7,4,0,"[0, 1, 4, 5, 6, 7]",1,True
7,5,6,"[4, 5, 6, 7]",1,True
7,6,5,[5],1,True
7,7,4,"[0, 1, 2, 3, 4, 5, 6, 7]",4,True
7,8,5,"[1, 5]",2,True
7,9,4,"[0, 1, 4, 5, 6, 7]",3,True
7,10,4,"[4, 5]",1,True
7,11,4,"[4, 5]",1,True
7,12,4,"[4, 5, 6, 7]",2,True
7,13,4,"[4, 5]",1,True
7,14,5,[5],1,True
7,15,4,"[4, 5]",1,True
7,16,2,"[0, 1, 2, 3]",2,True
7,17,4,[4],1,True
7,18,4,[4],1,True
7,19,5,"[4, 5, 6, 7]",1,True
7,20,1,"[0, 1, 4, 5, 7]",3,True
7,21,4,"[4, 5]",1,True
7,22,7,"[6, 7]",1,True
7,23,4,"[0, 1, 4, 5, 6, 7]",2,True
7,24,5,[5],1,True
7,25,5,"[0, 1, 2, 3, 4, 5, 6, 7]",3,True
7,26,2,"[2, 3]",1,True
7,27,5,"[4, 5]",1,True
7,28,7,"[4, 5, 6, 7]",2,True
7,29,7,"[6, 7]",1,True
7,30,4,[4],1,True
7,31,6,"[4, 5, 6, 7]",1,True
7,32,4,"[4, 5, 6, 7]",2,True
7,33,5,"[4, 5, 6, 7]",1,True
7,34,4,"[4, 5, 6, 7]",3,True
7,35,4,"[2, 3, 4]",2,True
7,36,4,"[2, 4]",2,True
7,37,4,"[4, 5]",1,True
7,38,4,"[4, 5]",1,True
7,39,4,"[1, 4, 5, 6, 7]",2,True
7,40,4,"[4, 5, 6, 7]",1,True
7,41,4,"[4, 5, 6, 7]",2,True
7,42,4,"[4, 5, 6, 7]",1,True
7,43,4,"[4, 5]",1,True
7,44,6,"[6, 7]",1,True
7,45,4,[4],1,True
7,46,3,[3],1,True
7,47,4,"[0, 4, 5, 6, 7]",4,True
7,48,4,"[4, 5, 6, 7]",1,True
7,49,6,"[6, 7]",2,True
7,50,4,"[4, 5, 6]",3,True
7,51,2,[2],1,True
7,52,5,"[2, 3]",2,False
7,53,6,"[2, 3]",2,False
7,54,4,"[3, 4, 5, 6, 7]",4,True
7,55,4,"[4, 5, 6, 7]",1,True
7,56,4,"[0, 4, 5]",2,True
7,57,6,[6],1,True
7,58,3,[3],1,True
7,59,4,[4],1,True
7,60,5,[5],1,True
7,61,3,[3],1,True
7,62,5,[5],1,True
7,63,4,[2],1,False
7,64,6,[6],1,True
7,65,4,[4],1,True
7,66,5,[5],1,True
7,67,4,"[4, 5]",1,True
7,68,6,[6],1,True
7,69,4,"[4, 5]",1,True
7,70,5,[5],1,True
7,71,1,[1],1,True
7,72,4,"[3, 4, 5]",2,True
7,73,4,[4],1,True
7,74,3,"[0, 1, 3, 4, 5]",5,True
7,75,5,[5],1,True
7,76,5,[5],1,True
7,77,4,[4],1,True
7,78,4,"[2, 3, 4, 5, 6, 7]",2,True
7,79,4,[4],1,True
7,80,2,"[0, 1, 2, 3, 6, 7]",4,True
7,81,1,[1],1,True
7,82,4,"[4, 5, 6]",2,True
7,83,4,[4],1,True
7,84,4,"[4, 5]",1,True
7,85,2,[2],1,True
7,86,5,[5],1,True
7,87,6,[6],1,True
7,88,6,[6],1,True
7,89,4,"[0, 1, 2, 3, 4]",2,True
7,90,6,[6],1,True
7,91,4,"[0, 1, 4]",2,True
7,92,4,"[4, 5]",2,True
7,93,1,"[6, 7]",2,False
7,94,4,"[4, 5]",1,True
7,95,6,"[0, 1, 4, 5, 6, 7]",6,True
7,96,4,"[3, 4]",2,True
7,97,5,[5],1,True
7,98,5,"[4, 5]",2,True
7,99,4,"[0, 1, 2, 3, 4, 5]",2,True
8,0,2,"[2, 4, 5]",2,True
8,1,7,"[0, 1, 2, 3, 6, 7]",3,True
8,2,2,"[2, 3, 4, 5, 6, 7]",2,True
8,3,3,"[0, 1, 2, 3, 4]",3,True
8,4,1,"[0, 1]",1,True
8,5,2,[2],1,True
8,6,2,"[0, 1, 2]",2,True
8,7,3,"[0, 1, 2, 3]",1,True
8,8,1,"[0, 1, 2, 3]",1,True
8,9,2,[2],1,True
8,10,2,"[0, 1, 2, 3]",1,True
8,11,2,"[0, 1, 2, 3]",2,True
8,12,2,[2],1,True
8,13,7,"[5, 6, 7]",2,True
8,14,2,"[0, 1, 2, 3, 4, 5, 6, 7]",2,True
8,15,6,"[1, 4, 5, 6, 7]",2,True
8,16,2,"[0, 1, 2, 3, 7]",3,True
8,17,5,"[2, 4, 5, 6, 7]",2,True
8,18,3,"[2, 3]",1,True
8,19,2,"[2, 3, 4, 5, 6, 7]",1,True
8,20,3,"[1, 2, 3]",3,True
8,21,2,"[2, 3, 4]",2,True
8,22,2,[2],1,True
8,23,7,[7],1,True
8,24,0,[4],1,False
8,25,2,[2],1,True
8,26,0,"[0, 1, 2, 3]",3,True
8,27,4,"[4, 5, 6, 7]",1,True
8,28,1,[1],1,True
8,29,1,[1],1,True
8,30,6,[6],1,True
8,31,3,"[0, 1, 2, 3]",1,True
8,32,2,"[0, 1, 2, 3]",2,True
8,33,2,"[0, 1, 2, 3]",2,True
8,34,2,"[2, 3]",1,True
8,35,2,"[4, 5, 7]",2,False
8,36,2,"[2, 3, 4, 5, 6, 7]",1,True
8,37,2,"[0, 1, 2, 3]",2,True
8,38,3,"[2, 3]",1,True
8,39,6,"[2, 3, 6]",3,True
8,40,2,"[0, 1, 2, 3]",1,True
8,41,2,"[2, 3]",1,True
8,42,3,"[0, 1, 3]",3,True
8,43,3,"[0, 1, 3]",3,True
8,44,5,"[4, 5, 6, 7]",3,True
8,45,3,[3],1,True
8,46,3,"[0, 1, 2, 3]",1,True
8,47,4,"[0, 1, 2, 3, 4]",5,True
8,48,1,"[0, 1, 4, 5]",4,True
8,49,1,"[1, 6, 7]",3,True
8,50,2,[2],1,True
8,51,2,"[0, 1, 2, 3]",1,True
8,52,2,"[2, 3, 4]",2,True
8,53,6,[6],1,True
8,54,1,"[0, 1, 2, 3]",1,True
8,55,6,[6],1,True
8,56,2,"[0, 1, 2, 3]",1,True
8,57,2,"[0, 1, 2, 3]",2,True
8,58,3,[3],1,True
8,59,5,[5],1,True
8,60,2,"[0, 1, 2, 3, 5]",2,True
8,61,2,"[2, 3, 5, 6]",3,True
8,62,3,[3],1,True
8,63,3,"[2, 3]",1,True
8,64,2,[2],1,True
8,65,2,"[2, 4]",2,True
8,66,1,[1],1,True
8,67,4,[4],1,True
8,68,1,"[1, 4, 5]",3,True
8,69,2,"[2, 3]",1,True
8,70,6,[6],1,True
8,71,1,[1],1,True
8,72,2,[2],1,True
8,73,2,"[2, 3]",1,True
8,74,2,[2],1,True
8,75,2,"[6, 7]",1,False
8,76,2,"[0, 1, 2, 3]",2,True
8,77,2,"[2, 3, 7]",3,True
8,78,2,"[2, 3, 4, 5]",2,True
8,79,2,[2],1,True
8,80,5,"[2, 3]",2,False
8,81,2,"[2, 3, 7]",2,True
8,82,2,[2],1,True
8,83,2,"[0, 1, 2, 3, 4, 5, 6, 7]",4,True
8,84,1,"[0, 1, 4, 5]",3,True
8,85,3,[3],1,True
8,86,2,"[2, 3, 4, 5, 6, 7]",2,True
8,87,2,"[2, 3]",1,True
8,88,2,[2],1,True
8,89,1,[1],1,True
8,90,2,"[2, 3]",1,True
8,91,1,[1],1,True
8,92,5,"[2, 3, 5]",3,True
8,93,2,"[0, 1, 2, 3, 4]",3,True
8,94,2,"[0, 1, 2, 3]",1,True
8,95,6,[6],1,True
8,96,3,"[0, 1, 2, 3]",2,True
8,97,1,[1],1,True
8,98,2,[2],1,True
8,99,3,"[0, 1, 2, 3]",4,True
9,0,2,"[0, 1, 2, 3]",1,True
9,1,4,[2],1,False
9,2,3,"[2, 3]",1,True
9,3,2,[4],1,False
9,4,3,"[0, 1, 2, 3, 4, 7]",3,True
9,5,3,"[2, 3]",1,True
9,6,3,"[2, 3]",1,True
9,7,4,"[0, 1, 2, 3, 4, 5, 6, 7]",4,True
9,8,6,"[2, 6, 7]",2,True
9,9,3,"[0, 1, 2, 3, 5]",3,True
9,10,3,"[0, 1, 2, 3]",1,True
9,11,0,"[0, 3, 4]",3,True
9,12,3,"[2, 3, 4, 7]",4,True
9,13,3,"[3, 6, 7]",2,True
9,14,3,"[3, 4, 5]",2,True
9,15,3,"[4, 6]",2,False
9,16,2,"[2, 3]",1,True
9,17,2,"[0, 1, 2, 3]",1,True
9,18,5,"[1, 5]",2,True
9,19,2,"[2, 3]",1,True
9,20,6,"[2, 3]",1,False
9,21,3,"[2, 3]",1,True
9,22,3,"[0, 1, 2, 3]",2,True
9,23,2,"[0, 1, 2, 3]",1,True
9,24,2,"[0, 1, 2, 3, 4, 5, 6, 7]",1,True
9,25,3,"[3, 4, 5, 6, 7]",3,True
9,26,3,[3],1,True
9,27,3,"[0, 1, 2, 3]",2,True
9,28,3,"[0, 1, 2, 3, 6]",3,True
9,29,3,"[2, 3]",1,True
9,30,0,"[0, 1, 2, 3]",1,True
9,31,0,"[0, 1, 3, 4, 5, 6, 7]",3,True
9,32,3,"[0, 1, 2, 3, 6]",3,True
9,33,0,"[0, 3, 4]",3,True
9,34,3,"[0, 1, 2, 3]",2,True
9,35,3,[3],1,True
9,36,2,"[2, 3]",1,True
9,37,7,"[0, 2, 3, 4, 5, 6, 7]",5,True
9,38,1,"[0, 1, 3]",3,True
9,39,4,"[0, 1, 2, 3, 4]",2,True
9,40,4,"[4, 5]",1,True
9,41,6,[6],1,True
9,42,4,[4],1,True
9,43,1,"[0, 1]",1,True
9,44,6,"[4, 5, 6, 7]",2,True
9,45,1,[1],1,True
9,46,2,[2],1,True
9,47,3,[3],1,True
9,48,1,"[6, 7]",2,False
9,49,2,"[0, 1, 2, 3, 4, 5, 6, 7]",8,True
9,50,3,"[2, 3]",1,True
9,51,3,"[3, 4, 5]",2,True
9,52,3,"[0, 1, 2, 3]",2,True
9,53,6,"[2, 3, 6]",3,True
9,54,3,[3],1,True
9,55,3,[3],1,True
9,56,1,"[0, 1]",2,True
9,57,4,[4],1,True
9,58,3,"[0, 1, 2, 3]",2,True
9,59,1,"[0, 1]",1,True
9,60,2,[2],1,True
9,61,1,[1],1,True
9,62,1,"[4, 5]",2,False
9,63,3,[3],1,True
9,64,3,"[0, 1, 2, 3]",1,True
9,65,3,"[0, 1, 2, 3, 5, 6, 7]",6,True
9,66,3,"[2, 3]",1,True
9,67,2,"[0, 1, 2, 3]",2,True
9,68,3,"[0, 1, 2, 3]",2,True
9,69,3,"[2, 3]",1,True
9,70,3,"[2, 3]",2,True
9,71,3,[3],1,True
9,72,3,"[3, 4, 5, 6, 7]",2,True
9,73,3,"[0, 1, 2, 3, 5]",3,True
9,74,3,"[0, 1, 2, 3]",1,True
9,75,2,"[4, 5, 6, 7]",4,False
9,76,3,[3],1,True
9,77,2,"[0, 1, 2, 3]",1,True
9,78,1,[1],1,True
9,79,4,[4],1,True
9,80,1,[1],1,True
9,81,3,[3],1,True
9,82,2,[2],1,True
9,83,1,"[1, 4, 5]",3,True
9,84,3,"[0, 1, 2, 3]",2,True
9,85,3,"[0, 1, 2, 3]",1,True
9,86,3,"[2, 3]",2,True
9,87,3,[4],1,False
9,88,2,[2],1,True
9,89,3,[3],1,True
9,90,3,"[0, 1, 2, 3]",1,True
9,91,5,"[0, 1]",2,False
9,92,3,[3],1,True
9,93,2,[2],1,True
9,94,2,[2],1,True
9,95,3,"[0, 2, 3]",3,True
9,96,3,"[2, 3]",1,True
9,97,5,"[4, 5]",2,True
9,98,5,"[0, 1, 5]",3,True
9,99,3,"[2, 3, 6, 7]",2,True
